-- Script de carga de dados AxonRH - Corretora de Seguros
SET search_path TO shared;
TRUNCATE employee_contracts CASCADE;
TRUNCATE employee_dependents CASCADE;
TRUNCATE employee_documents CASCADE;
TRUNCATE employee_history CASCADE;
TRUNCATE employees CASCADE;
TRUNCATE positions CASCADE;
TRUNCATE departments CASCADE;
TRUNCATE cost_centers CASCADE;
INSERT INTO cost_centers (id, tenant_id, code, name, is_active) VALUES ('a997006d-6c0d-4701-844b-6cc9ff0c8125', 'a0eebc99-9c0b-4ef8-bb6d-6bb9bd380a11', 'CC-COM-VID', 'Custo Comercial - Vida e Previdência', true);
INSERT INTO cost_centers (id, tenant_id, code, name, is_active) VALUES ('e9a90ee4-716a-4b58-84e4-83bf5a069b1b', 'a0eebc99-9c0b-4ef8-bb6d-6bb9bd380a11', 'CC-COM-SAU', 'Custo Comercial - Saúde e Odonto', true);
INSERT INTO cost_centers (id, tenant_id, code, name, is_active) VALUES ('4bc453a9-be6f-489b-b5d4-1952955362e1', 'a0eebc99-9c0b-4ef8-bb6d-6bb9bd380a11', 'CC-COM-AUT', 'Custo Comercial - Automóvel e Ramos Elementares', true);
INSERT INTO cost_centers (id, tenant_id, code, name, is_active) VALUES ('5be14a9d-7aff-4e78-82a3-e608bf8f9491', 'a0eebc99-9c0b-4ef8-bb6d-6bb9bd380a11', 'CC-SIN-SAU', 'Custo Sinistros - Saúde', true);
INSERT INTO cost_centers (id, tenant_id, code, name, is_active) VALUES ('a27dafe4-13ac-4594-bf78-c45a5f532bdc', 'a0eebc99-9c0b-4ef8-bb6d-6bb9bd380a11', 'CC-SIN-PEC', 'Custo Sinistros - P&C (Property & Casualty)', true);
INSERT INTO cost_centers (id, tenant_id, code, name, is_active) VALUES ('ab9219c1-0a44-4232-a364-9a2c134b0636', 'a0eebc99-9c0b-4ef8-bb6d-6bb9bd380a11', 'CC-OPE-IMP', 'Custo Operacional - Implantação de Grupos', true);
INSERT INTO cost_centers (id, tenant_id, code, name, is_active) VALUES ('d366bfe9-a88c-4fce-9755-60f3577fe74c', 'a0eebc99-9c0b-4ef8-bb6d-6bb9bd380a11', 'CC-REL-COR', 'Custo Relacionamento Corporate', true);
INSERT INTO cost_centers (id, tenant_id, code, name, is_active) VALUES ('b26e92b6-a86e-47c6-9a1f-c091aaac3f26', 'a0eebc99-9c0b-4ef8-bb6d-6bb9bd380a11', 'CC-REL-PME', 'Custo Relacionamento PME', true);
INSERT INTO cost_centers (id, tenant_id, code, name, is_active) VALUES ('ddb67c24-c758-44ef-8fa4-999a9095fd47', 'a0eebc99-9c0b-4ef8-bb6d-6bb9bd380a11', 'CC-FIN-ADM', 'Custo Financeiro e Administrativo', true);
INSERT INTO cost_centers (id, tenant_id, code, name, is_active) VALUES ('80345e2b-a442-43d9-8dbd-c28204b87307', 'a0eebc99-9c0b-4ef8-bb6d-6bb9bd380a11', 'CC-RH-INT', 'Custo Recursos Humanos', true);
INSERT INTO cost_centers (id, tenant_id, code, name, is_active) VALUES ('0340699a-b4c7-4310-bad2-493f9a9d73a2', 'a0eebc99-9c0b-4ef8-bb6d-6bb9bd380a11', 'CC-TI-INO', 'Custo TI e Inovação Digital', true);
INSERT INTO cost_centers (id, tenant_id, code, name, is_active) VALUES ('cf2a3938-cd66-4834-a99c-475664432d2f', 'a0eebc99-9c0b-4ef8-bb6d-6bb9bd380a11', 'CC-JUR-COM', 'Custo Jurídico e Compliance', true);
INSERT INTO cost_centers (id, tenant_id, code, name, is_active) VALUES ('8d49c5ef-b7e2-4076-87e7-7eb2bcc5dc3b', 'a0eebc99-9c0b-4ef8-bb6d-6bb9bd380a11', 'CC-MKT-EXP', 'Custo Marketing e Experiência do Cliente', true);
INSERT INTO cost_centers (id, tenant_id, code, name, is_active) VALUES ('99bae593-2805-49d1-b8f9-9e5c1d0ddf2c', 'a0eebc99-9c0b-4ef8-bb6d-6bb9bd380a11', 'CC-AUD-MED', 'Custo Auditoria Médica e Gestão de Saúde', true);
INSERT INTO cost_centers (id, tenant_id, code, name, is_active) VALUES ('bebff034-2083-4359-8a9d-9b8a7909b820', 'a0eebc99-9c0b-4ef8-bb6d-6bb9bd380a11', 'CC-RED-CRE', 'Custo Rede Credenciada e Parcerias', true);
INSERT INTO cost_centers (id, tenant_id, code, name, is_active) VALUES ('fb0460ed-e0e2-4cc2-b406-cba33ae86d85', 'a0eebc99-9c0b-4ef8-bb6d-6bb9bd380a11', 'CC-DIR-EXE', 'Custo Diretoria Executiva', true);
INSERT INTO cost_centers (id, tenant_id, code, name, is_active) VALUES ('8390dcc7-dee1-46e1-8d1a-e21516e67597', 'a0eebc99-9c0b-4ef8-bb6d-6bb9bd380a11', 'CC-FAC-MAN', 'Custo Facilities e Manutenção', true);
INSERT INTO departments (id, tenant_id, code, name, cost_center_id, is_active) VALUES ('a53e1465-070c-4107-b3c1-a7de21c7094e', 'a0eebc99-9c0b-4ef8-bb6d-6bb9bd380a11', 'COM-VID', 'Comercial - Vida e Previdência', 'a997006d-6c0d-4701-844b-6cc9ff0c8125', true);
INSERT INTO departments (id, tenant_id, code, name, cost_center_id, is_active) VALUES ('eafede0e-6a51-4f34-84c9-1c62a0570084', 'a0eebc99-9c0b-4ef8-bb6d-6bb9bd380a11', 'COM-SAU', 'Comercial - Saúde e Odonto', 'e9a90ee4-716a-4b58-84e4-83bf5a069b1b', true);
INSERT INTO departments (id, tenant_id, code, name, cost_center_id, is_active) VALUES ('3329c0fe-8384-4122-a082-31b863ae1298', 'a0eebc99-9c0b-4ef8-bb6d-6bb9bd380a11', 'COM-AUT', 'Comercial - Automóvel e Ramos Elementares', '4bc453a9-be6f-489b-b5d4-1952955362e1', true);
INSERT INTO departments (id, tenant_id, code, name, cost_center_id, is_active) VALUES ('7bc921fb-85b3-49c6-b6fa-0c2cc5910852', 'a0eebc99-9c0b-4ef8-bb6d-6bb9bd380a11', 'SIN-SAU', 'Sinistros - Saúde', '5be14a9d-7aff-4e78-82a3-e608bf8f9491', true);
INSERT INTO departments (id, tenant_id, code, name, cost_center_id, is_active) VALUES ('ecc6c6b5-85a9-4571-ba72-69036e8ce88f', 'a0eebc99-9c0b-4ef8-bb6d-6bb9bd380a11', 'SIN-PEC', 'Sinistros - P&C (Property & Casualty)', 'a27dafe4-13ac-4594-bf78-c45a5f532bdc', true);
INSERT INTO departments (id, tenant_id, code, name, cost_center_id, is_active) VALUES ('7f91c159-30d5-48a2-816d-0d24a5ff5dcc', 'a0eebc99-9c0b-4ef8-bb6d-6bb9bd380a11', 'OPE-IMP', 'Operacional - Implantação de Grupos', 'ab9219c1-0a44-4232-a364-9a2c134b0636', true);
INSERT INTO departments (id, tenant_id, code, name, cost_center_id, is_active) VALUES ('67bf638b-5a59-4a6f-a732-f580163b27c5', 'a0eebc99-9c0b-4ef8-bb6d-6bb9bd380a11', 'REL-COR', 'Relacionamento Corporate', 'd366bfe9-a88c-4fce-9755-60f3577fe74c', true);
INSERT INTO departments (id, tenant_id, code, name, cost_center_id, is_active) VALUES ('a13c299a-7f73-423d-b962-8b4a742cea49', 'a0eebc99-9c0b-4ef8-bb6d-6bb9bd380a11', 'REL-PME', 'Relacionamento PME', 'b26e92b6-a86e-47c6-9a1f-c091aaac3f26', true);
INSERT INTO departments (id, tenant_id, code, name, cost_center_id, is_active) VALUES ('9c548b79-3645-4804-8e7f-d7aeaa71a20d', 'a0eebc99-9c0b-4ef8-bb6d-6bb9bd380a11', 'FIN-ADM', 'Financeiro e Administrativo', 'ddb67c24-c758-44ef-8fa4-999a9095fd47', true);
INSERT INTO departments (id, tenant_id, code, name, cost_center_id, is_active) VALUES ('1d7aeb49-b4ba-4a1b-b996-bc1b3a058ce6', 'a0eebc99-9c0b-4ef8-bb6d-6bb9bd380a11', 'RH-INT', 'Recursos Humanos', '80345e2b-a442-43d9-8dbd-c28204b87307', true);
INSERT INTO departments (id, tenant_id, code, name, cost_center_id, is_active) VALUES ('35e66c6e-6af9-4db8-91af-53b02798f4b2', 'a0eebc99-9c0b-4ef8-bb6d-6bb9bd380a11', 'TI-INO', 'TI e Inovação Digital', '0340699a-b4c7-4310-bad2-493f9a9d73a2', true);
INSERT INTO departments (id, tenant_id, code, name, cost_center_id, is_active) VALUES ('82601497-b8c3-4c1e-9218-4aef1aa77a3b', 'a0eebc99-9c0b-4ef8-bb6d-6bb9bd380a11', 'JUR-COM', 'Jurídico e Compliance', 'cf2a3938-cd66-4834-a99c-475664432d2f', true);
INSERT INTO departments (id, tenant_id, code, name, cost_center_id, is_active) VALUES ('586bd3e7-eb99-4a11-a95d-286838732b0e', 'a0eebc99-9c0b-4ef8-bb6d-6bb9bd380a11', 'MKT-EXP', 'Marketing e Experiência do Cliente', '8d49c5ef-b7e2-4076-87e7-7eb2bcc5dc3b', true);
INSERT INTO departments (id, tenant_id, code, name, cost_center_id, is_active) VALUES ('1778a5b4-e1cc-43e6-8a6a-a37e3fd2d34f', 'a0eebc99-9c0b-4ef8-bb6d-6bb9bd380a11', 'AUD-MED', 'Auditoria Médica e Gestão de Saúde', '99bae593-2805-49d1-b8f9-9e5c1d0ddf2c', true);
INSERT INTO departments (id, tenant_id, code, name, cost_center_id, is_active) VALUES ('e43a11be-15f4-4746-8739-e99981437af5', 'a0eebc99-9c0b-4ef8-bb6d-6bb9bd380a11', 'RED-CRE', 'Rede Credenciada e Parcerias', 'bebff034-2083-4359-8a9d-9b8a7909b820', true);
INSERT INTO departments (id, tenant_id, code, name, cost_center_id, is_active) VALUES ('84c90b65-abb4-424f-84c6-2f67e6671fed', 'a0eebc99-9c0b-4ef8-bb6d-6bb9bd380a11', 'DIR-EXE', 'Diretoria Executiva', 'fb0460ed-e0e2-4cc2-b406-cba33ae86d85', true);
INSERT INTO departments (id, tenant_id, code, name, cost_center_id, is_active) VALUES ('5c774e81-7b5a-425c-b7e3-dc7f8678b3df', 'a0eebc99-9c0b-4ef8-bb6d-6bb9bd380a11', 'FAC-MAN', 'Facilities e Manutenção', '8390dcc7-dee1-46e1-8d1a-e21516e67597', true);
INSERT INTO positions (id, tenant_id, code, title, department_id, salary_range_min, salary_range_max, is_active) VALUES ('01c98cac-2866-4544-a707-650ccf9dd1f2', 'a0eebc99-9c0b-4ef8-bb6d-6bb9bd380a11', 'POS-01c98cac', 'Consultor de Vida', 'a53e1465-070c-4107-b3c1-a7de21c7094e', 4500, 8000, true);
INSERT INTO positions (id, tenant_id, code, title, department_id, salary_range_min, salary_range_max, is_active) VALUES ('44a844df-047f-4779-8e48-875035f93ed8', 'a0eebc99-9c0b-4ef8-bb6d-6bb9bd380a11', 'POS-44a844df', 'Gerente de Contas Vida', 'a53e1465-070c-4107-b3c1-a7de21c7094e', 7000, 12000, true);
INSERT INTO positions (id, tenant_id, code, title, department_id, salary_range_min, salary_range_max, is_active) VALUES ('14849d1d-510c-4d04-b0be-0ef4795fe239', 'a0eebc99-9c0b-4ef8-bb6d-6bb9bd380a11', 'POS-14849d1d', 'Executivo de Vendas Saúde', 'eafede0e-6a51-4f34-84c9-1c62a0570084', 5000, 9000, true);
INSERT INTO positions (id, tenant_id, code, title, department_id, salary_range_min, salary_range_max, is_active) VALUES ('94523472-d6ab-48a6-934b-9303f7f4ed50', 'a0eebc99-9c0b-4ef8-bb6d-6bb9bd380a11', 'POS-94523472', 'Gestor de Benefícios', 'eafede0e-6a51-4f34-84c9-1c62a0570084', 8000, 15000, true);
INSERT INTO positions (id, tenant_id, code, title, department_id, salary_range_min, salary_range_max, is_active) VALUES ('28dbb322-1bd3-45ef-9899-827c16147b4e', 'a0eebc99-9c0b-4ef8-bb6d-6bb9bd380a11', 'POS-28dbb322', 'Assistente Administrativo', '3329c0fe-8384-4122-a082-31b863ae1298', 2500, 4000, true);
INSERT INTO positions (id, tenant_id, code, title, department_id, salary_range_min, salary_range_max, is_active) VALUES ('f100b257-ebe2-4ab2-8908-66c2144367bd', 'a0eebc99-9c0b-4ef8-bb6d-6bb9bd380a11', 'POS-f100b257', 'Analista Pleno', '3329c0fe-8384-4122-a082-31b863ae1298', 4500, 7500, true);
INSERT INTO positions (id, tenant_id, code, title, department_id, salary_range_min, salary_range_max, is_active) VALUES ('9161bba0-8ebf-47cf-ba8e-3e6e96b4af86', 'a0eebc99-9c0b-4ef8-bb6d-6bb9bd380a11', 'POS-9161bba0', 'Gerente de Área', '3329c0fe-8384-4122-a082-31b863ae1298', 9000, 16000, true);
INSERT INTO positions (id, tenant_id, code, title, department_id, salary_range_min, salary_range_max, is_active) VALUES ('54a695ec-cc59-4888-b901-ab9c93031442', 'a0eebc99-9c0b-4ef8-bb6d-6bb9bd380a11', 'POS-54a695ec', 'Analista de Sinistro Saúde', '7bc921fb-85b3-49c6-b6fa-0c2cc5910852', 3500, 6000, true);
INSERT INTO positions (id, tenant_id, code, title, department_id, salary_range_min, salary_range_max, is_active) VALUES ('3491fd3c-e6d5-473c-93b1-d8148ab9ed8e', 'a0eebc99-9c0b-4ef8-bb6d-6bb9bd380a11', 'POS-3491fd3c', 'Coordenador de Sinistros', '7bc921fb-85b3-49c6-b6fa-0c2cc5910852', 7000, 10000, true);
INSERT INTO positions (id, tenant_id, code, title, department_id, salary_range_min, salary_range_max, is_active) VALUES ('0d84729c-eb04-4e54-b9e4-0a8137cf89bd', 'a0eebc99-9c0b-4ef8-bb6d-6bb9bd380a11', 'POS-0d84729c', 'Assistente Administrativo', 'ecc6c6b5-85a9-4571-ba72-69036e8ce88f', 2500, 4000, true);
INSERT INTO positions (id, tenant_id, code, title, department_id, salary_range_min, salary_range_max, is_active) VALUES ('d962d4bf-92a3-4da6-b471-a5324dfe9ec7', 'a0eebc99-9c0b-4ef8-bb6d-6bb9bd380a11', 'POS-d962d4bf', 'Analista Pleno', 'ecc6c6b5-85a9-4571-ba72-69036e8ce88f', 4500, 7500, true);
INSERT INTO positions (id, tenant_id, code, title, department_id, salary_range_min, salary_range_max, is_active) VALUES ('e414bfdb-0202-4162-b1d4-3363346ed833', 'a0eebc99-9c0b-4ef8-bb6d-6bb9bd380a11', 'POS-e414bfdb', 'Gerente de Área', 'ecc6c6b5-85a9-4571-ba72-69036e8ce88f', 9000, 16000, true);
INSERT INTO positions (id, tenant_id, code, title, department_id, salary_range_min, salary_range_max, is_active) VALUES ('70d3100f-2df3-4891-a71e-03824578255f', 'a0eebc99-9c0b-4ef8-bb6d-6bb9bd380a11', 'POS-70d3100f', 'Assistente Administrativo', '7f91c159-30d5-48a2-816d-0d24a5ff5dcc', 2500, 4000, true);
INSERT INTO positions (id, tenant_id, code, title, department_id, salary_range_min, salary_range_max, is_active) VALUES ('e8a22c74-e719-4683-b47a-4e979f040619', 'a0eebc99-9c0b-4ef8-bb6d-6bb9bd380a11', 'POS-e8a22c74', 'Analista Pleno', '7f91c159-30d5-48a2-816d-0d24a5ff5dcc', 4500, 7500, true);
INSERT INTO positions (id, tenant_id, code, title, department_id, salary_range_min, salary_range_max, is_active) VALUES ('cb790182-322c-4483-8b0a-803008e82030', 'a0eebc99-9c0b-4ef8-bb6d-6bb9bd380a11', 'POS-cb790182', 'Gerente de Área', '7f91c159-30d5-48a2-816d-0d24a5ff5dcc', 9000, 16000, true);
INSERT INTO positions (id, tenant_id, code, title, department_id, salary_range_min, salary_range_max, is_active) VALUES ('89e82a94-0575-439b-9e92-e72c242bff58', 'a0eebc99-9c0b-4ef8-bb6d-6bb9bd380a11', 'POS-89e82a94', 'Assistente Administrativo', '67bf638b-5a59-4a6f-a732-f580163b27c5', 2500, 4000, true);
INSERT INTO positions (id, tenant_id, code, title, department_id, salary_range_min, salary_range_max, is_active) VALUES ('d2d9a68b-539f-4ede-a7f6-6869f1ba76e4', 'a0eebc99-9c0b-4ef8-bb6d-6bb9bd380a11', 'POS-d2d9a68b', 'Analista Pleno', '67bf638b-5a59-4a6f-a732-f580163b27c5', 4500, 7500, true);
INSERT INTO positions (id, tenant_id, code, title, department_id, salary_range_min, salary_range_max, is_active) VALUES ('8a46862c-f191-47b2-927b-bf741b8fe2f8', 'a0eebc99-9c0b-4ef8-bb6d-6bb9bd380a11', 'POS-8a46862c', 'Gerente de Área', '67bf638b-5a59-4a6f-a732-f580163b27c5', 9000, 16000, true);
INSERT INTO positions (id, tenant_id, code, title, department_id, salary_range_min, salary_range_max, is_active) VALUES ('11682f9b-c29f-475f-adae-6f7ff3275ab5', 'a0eebc99-9c0b-4ef8-bb6d-6bb9bd380a11', 'POS-11682f9b', 'Assistente Administrativo', 'a13c299a-7f73-423d-b962-8b4a742cea49', 2500, 4000, true);
INSERT INTO positions (id, tenant_id, code, title, department_id, salary_range_min, salary_range_max, is_active) VALUES ('7ac5e500-3db0-4b14-9dbc-8bfb338fc0dc', 'a0eebc99-9c0b-4ef8-bb6d-6bb9bd380a11', 'POS-7ac5e500', 'Analista Pleno', 'a13c299a-7f73-423d-b962-8b4a742cea49', 4500, 7500, true);
INSERT INTO positions (id, tenant_id, code, title, department_id, salary_range_min, salary_range_max, is_active) VALUES ('aea77968-4fdf-46f1-8160-4aba0c7834df', 'a0eebc99-9c0b-4ef8-bb6d-6bb9bd380a11', 'POS-aea77968', 'Gerente de Área', 'a13c299a-7f73-423d-b962-8b4a742cea49', 9000, 16000, true);
INSERT INTO positions (id, tenant_id, code, title, department_id, salary_range_min, salary_range_max, is_active) VALUES ('7876525b-2d98-41af-a00d-3bef25526102', 'a0eebc99-9c0b-4ef8-bb6d-6bb9bd380a11', 'POS-7876525b', 'Assistente Administrativo', '9c548b79-3645-4804-8e7f-d7aeaa71a20d', 2500, 4000, true);
INSERT INTO positions (id, tenant_id, code, title, department_id, salary_range_min, salary_range_max, is_active) VALUES ('05909b4e-a641-46d8-a72a-f663207a9566', 'a0eebc99-9c0b-4ef8-bb6d-6bb9bd380a11', 'POS-05909b4e', 'Analista Pleno', '9c548b79-3645-4804-8e7f-d7aeaa71a20d', 4500, 7500, true);
INSERT INTO positions (id, tenant_id, code, title, department_id, salary_range_min, salary_range_max, is_active) VALUES ('dc59e5ed-65ee-4aed-b087-95c068efda3c', 'a0eebc99-9c0b-4ef8-bb6d-6bb9bd380a11', 'POS-dc59e5ed', 'Gerente de Área', '9c548b79-3645-4804-8e7f-d7aeaa71a20d', 9000, 16000, true);
INSERT INTO positions (id, tenant_id, code, title, department_id, salary_range_min, salary_range_max, is_active) VALUES ('5baa9bc3-2599-4f89-a554-39e9465ce81b', 'a0eebc99-9c0b-4ef8-bb6d-6bb9bd380a11', 'POS-5baa9bc3', 'Assistente Administrativo', '1d7aeb49-b4ba-4a1b-b996-bc1b3a058ce6', 2500, 4000, true);
INSERT INTO positions (id, tenant_id, code, title, department_id, salary_range_min, salary_range_max, is_active) VALUES ('31e8599b-be35-4372-8a4e-1e0487763caf', 'a0eebc99-9c0b-4ef8-bb6d-6bb9bd380a11', 'POS-31e8599b', 'Analista Pleno', '1d7aeb49-b4ba-4a1b-b996-bc1b3a058ce6', 4500, 7500, true);
INSERT INTO positions (id, tenant_id, code, title, department_id, salary_range_min, salary_range_max, is_active) VALUES ('7eadb491-110e-4134-a5dd-4d312e6ef9db', 'a0eebc99-9c0b-4ef8-bb6d-6bb9bd380a11', 'POS-7eadb491', 'Gerente de Área', '1d7aeb49-b4ba-4a1b-b996-bc1b3a058ce6', 9000, 16000, true);
INSERT INTO positions (id, tenant_id, code, title, department_id, salary_range_min, salary_range_max, is_active) VALUES ('c4380ea8-65f9-4dc1-a0bb-e77c5c1a909b', 'a0eebc99-9c0b-4ef8-bb6d-6bb9bd380a11', 'POS-c4380ea8', 'Desenvolvedor Full Stack', '35e66c6e-6af9-4db8-91af-53b02798f4b2', 6000, 14000, true);
INSERT INTO positions (id, tenant_id, code, title, department_id, salary_range_min, salary_range_max, is_active) VALUES ('7c4a3d4c-327e-42ab-b230-f742b0f90616', 'a0eebc99-9c0b-4ef8-bb6d-6bb9bd380a11', 'POS-7c4a3d4c', 'Analista de Sistemas', '35e66c6e-6af9-4db8-91af-53b02798f4b2', 5000, 9000, true);
INSERT INTO positions (id, tenant_id, code, title, department_id, salary_range_min, salary_range_max, is_active) VALUES ('dfd3609f-e33b-4f05-a5cd-158b5bd6e024', 'a0eebc99-9c0b-4ef8-bb6d-6bb9bd380a11', 'POS-dfd3609f', 'Assistente Administrativo', '82601497-b8c3-4c1e-9218-4aef1aa77a3b', 2500, 4000, true);
INSERT INTO positions (id, tenant_id, code, title, department_id, salary_range_min, salary_range_max, is_active) VALUES ('5d22e824-4cf0-401e-8efa-853b450ce2ff', 'a0eebc99-9c0b-4ef8-bb6d-6bb9bd380a11', 'POS-5d22e824', 'Analista Pleno', '82601497-b8c3-4c1e-9218-4aef1aa77a3b', 4500, 7500, true);
INSERT INTO positions (id, tenant_id, code, title, department_id, salary_range_min, salary_range_max, is_active) VALUES ('7884a79f-85cb-4451-a0ac-4a43514470c9', 'a0eebc99-9c0b-4ef8-bb6d-6bb9bd380a11', 'POS-7884a79f', 'Gerente de Área', '82601497-b8c3-4c1e-9218-4aef1aa77a3b', 9000, 16000, true);
INSERT INTO positions (id, tenant_id, code, title, department_id, salary_range_min, salary_range_max, is_active) VALUES ('61620931-494d-4f93-959c-697bbd40058c', 'a0eebc99-9c0b-4ef8-bb6d-6bb9bd380a11', 'POS-61620931', 'Assistente Administrativo', '586bd3e7-eb99-4a11-a95d-286838732b0e', 2500, 4000, true);
INSERT INTO positions (id, tenant_id, code, title, department_id, salary_range_min, salary_range_max, is_active) VALUES ('c0b172e8-9b79-4828-825d-44e744dd7231', 'a0eebc99-9c0b-4ef8-bb6d-6bb9bd380a11', 'POS-c0b172e8', 'Analista Pleno', '586bd3e7-eb99-4a11-a95d-286838732b0e', 4500, 7500, true);
INSERT INTO positions (id, tenant_id, code, title, department_id, salary_range_min, salary_range_max, is_active) VALUES ('09d0ab08-fbab-47f8-9aed-12f35601aa9d', 'a0eebc99-9c0b-4ef8-bb6d-6bb9bd380a11', 'POS-09d0ab08', 'Gerente de Área', '586bd3e7-eb99-4a11-a95d-286838732b0e', 9000, 16000, true);
INSERT INTO positions (id, tenant_id, code, title, department_id, salary_range_min, salary_range_max, is_active) VALUES ('bf56b196-894e-4db9-9d2f-b39ef1a2c8c6', 'a0eebc99-9c0b-4ef8-bb6d-6bb9bd380a11', 'POS-bf56b196', 'Enfermeiro Auditor', '1778a5b4-e1cc-43e6-8a6a-a37e3fd2d34f', 5000, 8000, true);
INSERT INTO positions (id, tenant_id, code, title, department_id, salary_range_min, salary_range_max, is_active) VALUES ('a788e8dd-42e5-48ae-bafb-d8a000767f2e', 'a0eebc99-9c0b-4ef8-bb6d-6bb9bd380a11', 'POS-a788e8dd', 'Médico Auditor', '1778a5b4-e1cc-43e6-8a6a-a37e3fd2d34f', 12000, 20000, true);
INSERT INTO positions (id, tenant_id, code, title, department_id, salary_range_min, salary_range_max, is_active) VALUES ('a2946e2e-3e52-4135-9e34-ad169b284d80', 'a0eebc99-9c0b-4ef8-bb6d-6bb9bd380a11', 'POS-a2946e2e', 'Assistente Administrativo', 'e43a11be-15f4-4746-8739-e99981437af5', 2500, 4000, true);
INSERT INTO positions (id, tenant_id, code, title, department_id, salary_range_min, salary_range_max, is_active) VALUES ('c88a4459-0e9a-46c9-8821-d504a3757cd2', 'a0eebc99-9c0b-4ef8-bb6d-6bb9bd380a11', 'POS-c88a4459', 'Analista Pleno', 'e43a11be-15f4-4746-8739-e99981437af5', 4500, 7500, true);
INSERT INTO positions (id, tenant_id, code, title, department_id, salary_range_min, salary_range_max, is_active) VALUES ('cafa5db2-e128-4898-81b0-a99bc95dadcc', 'a0eebc99-9c0b-4ef8-bb6d-6bb9bd380a11', 'POS-cafa5db2', 'Gerente de Área', 'e43a11be-15f4-4746-8739-e99981437af5', 9000, 16000, true);
INSERT INTO positions (id, tenant_id, code, title, department_id, salary_range_min, salary_range_max, is_active) VALUES ('f703b5c5-f192-4b5a-bb2d-2f8cd389af09', 'a0eebc99-9c0b-4ef8-bb6d-6bb9bd380a11', 'POS-f703b5c5', 'Assistente Administrativo', '84c90b65-abb4-424f-84c6-2f67e6671fed', 2500, 4000, true);
INSERT INTO positions (id, tenant_id, code, title, department_id, salary_range_min, salary_range_max, is_active) VALUES ('c353303f-d523-4e0c-80ba-559b6b2a3d64', 'a0eebc99-9c0b-4ef8-bb6d-6bb9bd380a11', 'POS-c353303f', 'Analista Pleno', '84c90b65-abb4-424f-84c6-2f67e6671fed', 4500, 7500, true);
INSERT INTO positions (id, tenant_id, code, title, department_id, salary_range_min, salary_range_max, is_active) VALUES ('71ee08fd-2c80-400f-b5ec-99d0215b677b', 'a0eebc99-9c0b-4ef8-bb6d-6bb9bd380a11', 'POS-71ee08fd', 'Gerente de Área', '84c90b65-abb4-424f-84c6-2f67e6671fed', 9000, 16000, true);
INSERT INTO positions (id, tenant_id, code, title, department_id, salary_range_min, salary_range_max, is_active) VALUES ('f4cb2b01-ebb2-4eb8-a302-5ba001bd83fe', 'a0eebc99-9c0b-4ef8-bb6d-6bb9bd380a11', 'POS-f4cb2b01', 'Assistente Administrativo', '5c774e81-7b5a-425c-b7e3-dc7f8678b3df', 2500, 4000, true);
INSERT INTO positions (id, tenant_id, code, title, department_id, salary_range_min, salary_range_max, is_active) VALUES ('fa9104c5-8ad7-4f92-b97a-d00203162d91', 'a0eebc99-9c0b-4ef8-bb6d-6bb9bd380a11', 'POS-fa9104c5', 'Analista Pleno', '5c774e81-7b5a-425c-b7e3-dc7f8678b3df', 4500, 7500, true);
INSERT INTO positions (id, tenant_id, code, title, department_id, salary_range_min, salary_range_max, is_active) VALUES ('c9cacbb7-11eb-4f9f-89f4-8a5259858567', 'a0eebc99-9c0b-4ef8-bb6d-6bb9bd380a11', 'POS-c9cacbb7', 'Gerente de Área', '5c774e81-7b5a-425c-b7e3-dc7f8678b3df', 9000, 16000, true);
INSERT INTO employees (id, tenant_id, full_name, email, cpf, birth_date, hire_date, department_id, position_id, base_salary, status, employment_type, gender) VALUES ('f302d8c1-a59b-48e4-a3a7-13cb2f18f58d', 'a0eebc99-9c0b-4ef8-bb6d-6bb9bd380a11', 'Enzo Rodrigues', 'enzo.rodrigues@axonrh.com.br', '68726075996', '1980-01-01', '2021-11-25', 'a53e1465-070c-4107-b3c1-a7de21c7094e', '44a844df-047f-4779-8e48-875035f93ed8', 9398, 'ACTIVE', 'CLT', 'M' if random.random() > 0.5 else 'F');
INSERT INTO employees (id, tenant_id, full_name, email, cpf, birth_date, hire_date, department_id, position_id, base_salary, status, employment_type, gender) VALUES ('7235dd6f-c3b8-40f3-b0cd-a1ad6c8688e0', 'a0eebc99-9c0b-4ef8-bb6d-6bb9bd380a11', 'Giovanna Soares', 'giovanna.soares@axonrh.com.br', '17333249181', '1980-01-01', '2018-07-04', 'eafede0e-6a51-4f34-84c9-1c62a0570084', '94523472-d6ab-48a6-934b-9303f7f4ed50', 11194, 'ACTIVE', 'CLT', 'M' if random.random() > 0.5 else 'F');
INSERT INTO employees (id, tenant_id, full_name, email, cpf, birth_date, hire_date, department_id, position_id, base_salary, status, employment_type, gender) VALUES ('d11510f5-6ac0-46e0-a43c-e9b5918a1b26', 'a0eebc99-9c0b-4ef8-bb6d-6bb9bd380a11', 'Julia Almeida', 'julia.almeida@axonrh.com.br', '91296548692', '1980-01-01', '2020-09-06', '3329c0fe-8384-4122-a082-31b863ae1298', '9161bba0-8ebf-47cf-ba8e-3e6e96b4af86', 11604, 'ACTIVE', 'CLT', 'M' if random.random() > 0.5 else 'F');
INSERT INTO employees (id, tenant_id, full_name, email, cpf, birth_date, hire_date, department_id, position_id, base_salary, status, employment_type, gender) VALUES ('c574a2ed-fb7d-44af-89f6-a821a0a22147', 'a0eebc99-9c0b-4ef8-bb6d-6bb9bd380a11', 'Laura Almeida', 'laura.almeida@axonrh.com.br', '61641683352', '1980-01-01', '2019-09-01', '7bc921fb-85b3-49c6-b6fa-0c2cc5910852', '3491fd3c-e6d5-473c-93b1-d8148ab9ed8e', 9843, 'ACTIVE', 'CLT', 'M' if random.random() > 0.5 else 'F');
INSERT INTO employees (id, tenant_id, full_name, email, cpf, birth_date, hire_date, department_id, position_id, base_salary, status, employment_type, gender) VALUES ('8927b072-1de8-42e7-bfff-50a950b10cd5', 'a0eebc99-9c0b-4ef8-bb6d-6bb9bd380a11', 'Lucas Oliveira', 'lucas.oliveira@axonrh.com.br', '86157364553', '1980-01-01', '2020-02-22', 'ecc6c6b5-85a9-4571-ba72-69036e8ce88f', 'e414bfdb-0202-4162-b1d4-3363346ed833', 11168, 'ACTIVE', 'CLT', 'M' if random.random() > 0.5 else 'F');
INSERT INTO employees (id, tenant_id, full_name, email, cpf, birth_date, hire_date, department_id, position_id, base_salary, status, employment_type, gender) VALUES ('cfbfb01d-084d-47c0-9231-428c4b2dd7f9', 'a0eebc99-9c0b-4ef8-bb6d-6bb9bd380a11', 'Manuela Alves', 'manuela.alves@axonrh.com.br', '10857017870', '1980-01-01', '2021-11-20', '7f91c159-30d5-48a2-816d-0d24a5ff5dcc', 'cb790182-322c-4483-8b0a-803008e82030', 13472, 'ACTIVE', 'CLT', 'M' if random.random() > 0.5 else 'F');
INSERT INTO employees (id, tenant_id, full_name, email, cpf, birth_date, hire_date, department_id, position_id, base_salary, status, employment_type, gender) VALUES ('f5b8a6ec-dafb-4bdb-a3b7-0721fd92c8b3', 'a0eebc99-9c0b-4ef8-bb6d-6bb9bd380a11', 'João Ferreira', 'joão.ferreira@axonrh.com.br', '25493442571', '1980-01-01', '2019-09-13', '67bf638b-5a59-4a6f-a732-f580163b27c5', '8a46862c-f191-47b2-927b-bf741b8fe2f8', 11107, 'ACTIVE', 'CLT', 'M' if random.random() > 0.5 else 'F');
INSERT INTO employees (id, tenant_id, full_name, email, cpf, birth_date, hire_date, department_id, position_id, base_salary, status, employment_type, gender) VALUES ('d54ccd1a-8d6b-4eb4-8f18-cb457c5f8254', 'a0eebc99-9c0b-4ef8-bb6d-6bb9bd380a11', 'Giovanna Pereira', 'giovanna.pereira@axonrh.com.br', '49065434649', '1980-01-01', '2021-12-19', 'a13c299a-7f73-423d-b962-8b4a742cea49', 'aea77968-4fdf-46f1-8160-4aba0c7834df', 10881, 'ACTIVE', 'CLT', 'M' if random.random() > 0.5 else 'F');
INSERT INTO employees (id, tenant_id, full_name, email, cpf, birth_date, hire_date, department_id, position_id, base_salary, status, employment_type, gender) VALUES ('7a8248fa-7010-4536-876c-0363aea06c1b', 'a0eebc99-9c0b-4ef8-bb6d-6bb9bd380a11', 'Gabriel Carvalho', 'gabriel.carvalho@axonrh.com.br', '55854440762', '1980-01-01', '2018-12-21', '9c548b79-3645-4804-8e7f-d7aeaa71a20d', 'dc59e5ed-65ee-4aed-b087-95c068efda3c', 15103, 'ACTIVE', 'CLT', 'M' if random.random() > 0.5 else 'F');
INSERT INTO employees (id, tenant_id, full_name, email, cpf, birth_date, hire_date, department_id, position_id, base_salary, status, employment_type, gender) VALUES ('a2cd530f-44d1-4ad7-9bd5-b6950562edd8', 'a0eebc99-9c0b-4ef8-bb6d-6bb9bd380a11', 'Gustavo Silva', 'gustavo.silva@axonrh.com.br', '60897194355', '1980-01-01', '2022-10-04', '1d7aeb49-b4ba-4a1b-b996-bc1b3a058ce6', '7eadb491-110e-4134-a5dd-4d312e6ef9db', 15073, 'ACTIVE', 'CLT', 'M' if random.random() > 0.5 else 'F');
INSERT INTO employees (id, tenant_id, full_name, email, cpf, birth_date, hire_date, department_id, position_id, base_salary, status, employment_type, gender) VALUES ('9dfdecce-1bbb-46e4-8f2f-bfd13697e51f', 'a0eebc99-9c0b-4ef8-bb6d-6bb9bd380a11', 'Gustavo Lopes', 'gustavo.lopes@axonrh.com.br', '55871788530', '1980-01-01', '2022-04-04', '35e66c6e-6af9-4db8-91af-53b02798f4b2', '7c4a3d4c-327e-42ab-b230-f742b0f90616', 6255, 'ACTIVE', 'CLT', 'M' if random.random() > 0.5 else 'F');
INSERT INTO employees (id, tenant_id, full_name, email, cpf, birth_date, hire_date, department_id, position_id, base_salary, status, employment_type, gender) VALUES ('94b9b320-abbf-4b48-b15e-44581a5035a3', 'a0eebc99-9c0b-4ef8-bb6d-6bb9bd380a11', 'Giovanna Ferreira', 'giovanna.ferreira@axonrh.com.br', '36991580644', '1980-01-01', '2018-06-03', '82601497-b8c3-4c1e-9218-4aef1aa77a3b', '7884a79f-85cb-4451-a0ac-4a43514470c9', 12927, 'ACTIVE', 'CLT', 'M' if random.random() > 0.5 else 'F');
INSERT INTO employees (id, tenant_id, full_name, email, cpf, birth_date, hire_date, department_id, position_id, base_salary, status, employment_type, gender) VALUES ('73de738b-0ea8-43cc-b023-ff7d8cebf06f', 'a0eebc99-9c0b-4ef8-bb6d-6bb9bd380a11', 'Julia Ferreira', 'julia.ferreira@axonrh.com.br', '95551342652', '1980-01-01', '2022-06-07', '586bd3e7-eb99-4a11-a95d-286838732b0e', '09d0ab08-fbab-47f8-9aed-12f35601aa9d', 14156, 'ACTIVE', 'CLT', 'M' if random.random() > 0.5 else 'F');
INSERT INTO employees (id, tenant_id, full_name, email, cpf, birth_date, hire_date, department_id, position_id, base_salary, status, employment_type, gender) VALUES ('ca120326-7e17-4d08-b98b-5b6a2bd069da', 'a0eebc99-9c0b-4ef8-bb6d-6bb9bd380a11', 'Maria Barbosa', 'maria.barbosa@axonrh.com.br', '74633961867', '1980-01-01', '2018-12-25', '1778a5b4-e1cc-43e6-8a6a-a37e3fd2d34f', 'a788e8dd-42e5-48ae-bafb-d8a000767f2e', 15112, 'ACTIVE', 'CLT', 'M' if random.random() > 0.5 else 'F');
INSERT INTO employees (id, tenant_id, full_name, email, cpf, birth_date, hire_date, department_id, position_id, base_salary, status, employment_type, gender) VALUES ('39accb17-07b1-4a48-b1b2-2abb5b42169b', 'a0eebc99-9c0b-4ef8-bb6d-6bb9bd380a11', 'Beatriz Ribeiro', 'beatriz.ribeiro@axonrh.com.br', '21952793188', '1980-01-01', '2019-09-11', 'e43a11be-15f4-4746-8739-e99981437af5', 'cafa5db2-e128-4898-81b0-a99bc95dadcc', 10277, 'ACTIVE', 'CLT', 'M' if random.random() > 0.5 else 'F');
INSERT INTO employees (id, tenant_id, full_name, email, cpf, birth_date, hire_date, department_id, position_id, base_salary, status, employment_type, gender) VALUES ('e7de7478-3ed4-40c3-87a3-8f509740fe82', 'a0eebc99-9c0b-4ef8-bb6d-6bb9bd380a11', 'Rafael Martins', 'rafael.martins@axonrh.com.br', '59157415991', '1980-01-01', '2022-08-17', '84c90b65-abb4-424f-84c6-2f67e6671fed', '71ee08fd-2c80-400f-b5ec-99d0215b677b', 13704, 'ACTIVE', 'CLT', 'M' if random.random() > 0.5 else 'F');
INSERT INTO employees (id, tenant_id, full_name, email, cpf, birth_date, hire_date, department_id, position_id, base_salary, status, employment_type, gender) VALUES ('eb1586f5-b120-4aa1-85b2-c87620e715f4', 'a0eebc99-9c0b-4ef8-bb6d-6bb9bd380a11', 'Gustavo Oliveira', 'gustavo.oliveira@axonrh.com.br', '30071498026', '1980-01-01', '2020-08-22', '5c774e81-7b5a-425c-b7e3-dc7f8678b3df', 'c9cacbb7-11eb-4f9f-89f4-8a5259858567', 9063, 'ACTIVE', 'CLT', 'M' if random.random() > 0.5 else 'F');
INSERT INTO employees (id, tenant_id, full_name, email, cpf, birth_date, hire_date, department_id, position_id, manager_id, base_salary, status, employment_type) VALUES ('12ae36db-c20f-4c3e-ab6b-d2626ab74902', 'a0eebc99-9c0b-4ef8-bb6d-6bb9bd380a11', 'Rafael Almeida', 'rafael.almeida@axonrh.com.br', '30321997822', '1995-05-10', '2024-08-05', '3329c0fe-8384-4122-a082-31b863ae1298', 'f100b257-ebe2-4ab2-8908-66c2144367bd', 'd11510f5-6ac0-46e0-a43c-e9b5918a1b26', 6890, 'ACTIVE', 'CLT');
INSERT INTO employees (id, tenant_id, full_name, email, cpf, birth_date, hire_date, department_id, position_id, manager_id, base_salary, status, employment_type) VALUES ('d4a6e768-6a5d-4560-8355-f1fffe1d0d45', 'a0eebc99-9c0b-4ef8-bb6d-6bb9bd380a11', 'Gustavo Carvalho', 'gustavo.carvalho@axonrh.com.br', '10330243423', '1995-05-10', '2025-04-07', '9c548b79-3645-4804-8e7f-d7aeaa71a20d', '7876525b-2d98-41af-a00d-3bef25526102', '7a8248fa-7010-4536-876c-0363aea06c1b', 3580, 'ACTIVE', 'CLT');
INSERT INTO employees (id, tenant_id, full_name, email, cpf, birth_date, hire_date, department_id, position_id, manager_id, base_salary, status, employment_type) VALUES ('3007c46e-e9b9-4bcc-ac35-63e5e0a05b20', 'a0eebc99-9c0b-4ef8-bb6d-6bb9bd380a11', 'Laura Costa', 'laura.costa@axonrh.com.br', '59813217361', '1995-05-10', '2025-05-19', '82601497-b8c3-4c1e-9218-4aef1aa77a3b', '5d22e824-4cf0-401e-8efa-853b450ce2ff', '94b9b320-abbf-4b48-b15e-44581a5035a3', 6306, 'ACTIVE', 'CLT');
INSERT INTO employees (id, tenant_id, full_name, email, cpf, birth_date, hire_date, department_id, position_id, manager_id, base_salary, status, employment_type) VALUES ('dbe3f816-dd81-46e1-977a-bae2455f6e14', 'a0eebc99-9c0b-4ef8-bb6d-6bb9bd380a11', 'Rafael Martins', 'rafael.martins@axonrh.com.br', '75370922166', '1995-05-10', '2023-07-17', '9c548b79-3645-4804-8e7f-d7aeaa71a20d', '05909b4e-a641-46d8-a72a-f663207a9566', '7a8248fa-7010-4536-876c-0363aea06c1b', 5046, 'ACTIVE', 'CLT');
INSERT INTO employees (id, tenant_id, full_name, email, cpf, birth_date, hire_date, department_id, position_id, manager_id, base_salary, status, employment_type) VALUES ('621a05b5-483b-4d11-8e35-382d1442ecb2', 'a0eebc99-9c0b-4ef8-bb6d-6bb9bd380a11', 'Lucas Alves', 'lucas.alves@axonrh.com.br', '43127281482', '1995-05-10', '2024-01-08', '1778a5b4-e1cc-43e6-8a6a-a37e3fd2d34f', 'bf56b196-894e-4db9-9d2f-b39ef1a2c8c6', 'ca120326-7e17-4d08-b98b-5b6a2bd069da', 5469, 'ACTIVE', 'CLT');
INSERT INTO employees (id, tenant_id, full_name, email, cpf, birth_date, hire_date, department_id, position_id, manager_id, base_salary, status, employment_type) VALUES ('be7bc9ea-d617-4444-8c1b-7f5b6c6173ce', 'a0eebc99-9c0b-4ef8-bb6d-6bb9bd380a11', 'Beatriz Barbosa', 'beatriz.barbosa@axonrh.com.br', '50914823266', '1995-05-10', '2024-09-03', '7bc921fb-85b3-49c6-b6fa-0c2cc5910852', '54a695ec-cc59-4888-b901-ab9c93031442', 'c574a2ed-fb7d-44af-89f6-a821a0a22147', 3590, 'ACTIVE', 'CLT');
INSERT INTO employees (id, tenant_id, full_name, email, cpf, birth_date, hire_date, department_id, position_id, manager_id, base_salary, status, employment_type) VALUES ('605629d0-4103-4d09-b32a-80b06a38f296', 'a0eebc99-9c0b-4ef8-bb6d-6bb9bd380a11', 'Rafael Pereira', 'rafael.pereira@axonrh.com.br', '29748346361', '1995-05-10', '2024-10-18', 'a53e1465-070c-4107-b3c1-a7de21c7094e', '01c98cac-2866-4544-a707-650ccf9dd1f2', 'f302d8c1-a59b-48e4-a3a7-13cb2f18f58d', 6156, 'ACTIVE', 'CLT');
INSERT INTO employees (id, tenant_id, full_name, email, cpf, birth_date, hire_date, department_id, position_id, manager_id, base_salary, status, employment_type) VALUES ('39762e14-9cd9-41b2-9b6f-f8f0e0918cc7', 'a0eebc99-9c0b-4ef8-bb6d-6bb9bd380a11', 'Alice Vieira', 'alice.vieira@axonrh.com.br', '19221199294', '1995-05-10', '2023-08-24', '3329c0fe-8384-4122-a082-31b863ae1298', 'f100b257-ebe2-4ab2-8908-66c2144367bd', 'd11510f5-6ac0-46e0-a43c-e9b5918a1b26', 5261, 'ACTIVE', 'CLT');
INSERT INTO employees (id, tenant_id, full_name, email, cpf, birth_date, hire_date, department_id, position_id, manager_id, base_salary, status, employment_type) VALUES ('dd634b44-4e96-414b-8fb5-450209ff63ee', 'a0eebc99-9c0b-4ef8-bb6d-6bb9bd380a11', 'Julia Ribeiro', 'julia.ribeiro@axonrh.com.br', '38743897763', '1995-05-10', '2024-03-10', '67bf638b-5a59-4a6f-a732-f580163b27c5', '89e82a94-0575-439b-9e92-e72c242bff58', 'f5b8a6ec-dafb-4bdb-a3b7-0721fd92c8b3', 3807, 'ACTIVE', 'CLT');
INSERT INTO employees (id, tenant_id, full_name, email, cpf, birth_date, hire_date, department_id, position_id, manager_id, base_salary, status, employment_type) VALUES ('6d383747-37a6-436c-9c9f-12b4282d1705', 'a0eebc99-9c0b-4ef8-bb6d-6bb9bd380a11', 'Matheus Santos', 'matheus.santos@axonrh.com.br', '83167670967', '1995-05-10', '2024-07-01', '67bf638b-5a59-4a6f-a732-f580163b27c5', 'd2d9a68b-539f-4ede-a7f6-6869f1ba76e4', 'f5b8a6ec-dafb-4bdb-a3b7-0721fd92c8b3', 4527, 'ACTIVE', 'CLT');
INSERT INTO employees (id, tenant_id, full_name, email, cpf, birth_date, hire_date, department_id, position_id, manager_id, base_salary, status, employment_type) VALUES ('916dbb9b-7093-43e6-b98f-7d68c3c2e9ae', 'a0eebc99-9c0b-4ef8-bb6d-6bb9bd380a11', 'Manuela Ribeiro', 'manuela.ribeiro@axonrh.com.br', '24416911214', '1995-05-10', '2024-03-26', 'e43a11be-15f4-4746-8739-e99981437af5', 'c88a4459-0e9a-46c9-8821-d504a3757cd2', '39accb17-07b1-4a48-b1b2-2abb5b42169b', 5562, 'ACTIVE', 'CLT');
INSERT INTO employees (id, tenant_id, full_name, email, cpf, birth_date, hire_date, department_id, position_id, manager_id, base_salary, status, employment_type) VALUES ('dad778b3-04fc-49d5-a141-77ce4b999d56', 'a0eebc99-9c0b-4ef8-bb6d-6bb9bd380a11', 'Julia Rodrigues', 'julia.rodrigues@axonrh.com.br', '53661777663', '1995-05-10', '2025-12-02', 'eafede0e-6a51-4f34-84c9-1c62a0570084', '14849d1d-510c-4d04-b0be-0ef4795fe239', '7235dd6f-c3b8-40f3-b0cd-a1ad6c8688e0', 5891, 'ACTIVE', 'CLT');
INSERT INTO employees (id, tenant_id, full_name, email, cpf, birth_date, hire_date, department_id, position_id, manager_id, base_salary, status, employment_type) VALUES ('bc76c8f9-9f43-4aa0-a8cf-d2a7a069d421', 'a0eebc99-9c0b-4ef8-bb6d-6bb9bd380a11', 'Guilherme Alves', 'guilherme.alves@axonrh.com.br', '67518120113', '1995-05-10', '2025-03-30', '82601497-b8c3-4c1e-9218-4aef1aa77a3b', 'dfd3609f-e33b-4f05-a5cd-158b5bd6e024', '94b9b320-abbf-4b48-b15e-44581a5035a3', 2743, 'ACTIVE', 'CLT');
INSERT INTO employees (id, tenant_id, full_name, email, cpf, birth_date, hire_date, department_id, position_id, manager_id, base_salary, status, employment_type) VALUES ('6d3323d8-b08f-41a3-9f66-f2e296175271', 'a0eebc99-9c0b-4ef8-bb6d-6bb9bd380a11', 'Giovanna Vieira', 'giovanna.vieira@axonrh.com.br', '70851954829', '1995-05-10', '2023-07-03', '3329c0fe-8384-4122-a082-31b863ae1298', '28dbb322-1bd3-45ef-9899-827c16147b4e', 'd11510f5-6ac0-46e0-a43c-e9b5918a1b26', 3424, 'ACTIVE', 'CLT');
INSERT INTO employees (id, tenant_id, full_name, email, cpf, birth_date, hire_date, department_id, position_id, manager_id, base_salary, status, employment_type) VALUES ('ef1a0f29-401d-4420-b8bc-1585b30734b8', 'a0eebc99-9c0b-4ef8-bb6d-6bb9bd380a11', 'João Oliveira', 'joão.oliveira@axonrh.com.br', '14954879281', '1995-05-10', '2023-09-19', '67bf638b-5a59-4a6f-a732-f580163b27c5', 'd2d9a68b-539f-4ede-a7f6-6869f1ba76e4', 'f5b8a6ec-dafb-4bdb-a3b7-0721fd92c8b3', 7481, 'ACTIVE', 'CLT');
INSERT INTO employees (id, tenant_id, full_name, email, cpf, birth_date, hire_date, department_id, position_id, manager_id, base_salary, status, employment_type) VALUES ('e87b2af5-9fed-42bf-87e6-8bdbdd756270', 'a0eebc99-9c0b-4ef8-bb6d-6bb9bd380a11', 'Alice Barbosa', 'alice.barbosa@axonrh.com.br', '25729561425', '1995-05-10', '2023-10-03', 'e43a11be-15f4-4746-8739-e99981437af5', 'a2946e2e-3e52-4135-9e34-ad169b284d80', '39accb17-07b1-4a48-b1b2-2abb5b42169b', 3246, 'ACTIVE', 'CLT');
INSERT INTO employees (id, tenant_id, full_name, email, cpf, birth_date, hire_date, department_id, position_id, manager_id, base_salary, status, employment_type) VALUES ('c1dff443-52ad-4c4e-b916-621a5a9fdbf9', 'a0eebc99-9c0b-4ef8-bb6d-6bb9bd380a11', 'Matheus Barbosa', 'matheus.barbosa@axonrh.com.br', '48755631960', '1995-05-10', '2023-11-06', '7f91c159-30d5-48a2-816d-0d24a5ff5dcc', 'e8a22c74-e719-4683-b47a-4e979f040619', 'cfbfb01d-084d-47c0-9231-428c4b2dd7f9', 5855, 'ACTIVE', 'CLT');
INSERT INTO employees (id, tenant_id, full_name, email, cpf, birth_date, hire_date, department_id, position_id, manager_id, base_salary, status, employment_type) VALUES ('bceaaec2-3847-43a4-9c77-d011fe2d251b', 'a0eebc99-9c0b-4ef8-bb6d-6bb9bd380a11', 'Isabella Rodrigues', 'isabella.rodrigues@axonrh.com.br', '44175935513', '1995-05-10', '2025-09-04', 'ecc6c6b5-85a9-4571-ba72-69036e8ce88f', '0d84729c-eb04-4e54-b9e4-0a8137cf89bd', '8927b072-1de8-42e7-bfff-50a950b10cd5', 3943, 'ACTIVE', 'CLT');
INSERT INTO employees (id, tenant_id, full_name, email, cpf, birth_date, hire_date, department_id, position_id, manager_id, base_salary, status, employment_type) VALUES ('a74595e4-9b3b-4bef-ada9-c5c5f786f405', 'a0eebc99-9c0b-4ef8-bb6d-6bb9bd380a11', 'Enzo Rodrigues', 'enzo.rodrigues@axonrh.com.br', '53231633130', '1995-05-10', '2023-10-08', '67bf638b-5a59-4a6f-a732-f580163b27c5', 'd2d9a68b-539f-4ede-a7f6-6869f1ba76e4', 'f5b8a6ec-dafb-4bdb-a3b7-0721fd92c8b3', 6662, 'ACTIVE', 'CLT');
INSERT INTO employees (id, tenant_id, full_name, email, cpf, birth_date, hire_date, department_id, position_id, manager_id, base_salary, status, employment_type) VALUES ('abafaf4e-a89e-4e1e-8a70-1641ecfdb860', 'a0eebc99-9c0b-4ef8-bb6d-6bb9bd380a11', 'Beatriz Lima', 'beatriz.lima@axonrh.com.br', '65129432361', '1995-05-10', '2023-07-03', '3329c0fe-8384-4122-a082-31b863ae1298', 'f100b257-ebe2-4ab2-8908-66c2144367bd', 'd11510f5-6ac0-46e0-a43c-e9b5918a1b26', 6742, 'ACTIVE', 'CLT');
INSERT INTO employees (id, tenant_id, full_name, email, cpf, birth_date, hire_date, department_id, position_id, manager_id, base_salary, status, employment_type) VALUES ('97d31676-e072-447d-950f-1ac6947a627b', 'a0eebc99-9c0b-4ef8-bb6d-6bb9bd380a11', 'Rafael Silva', 'rafael.silva@axonrh.com.br', '91688484642', '1995-05-10', '2023-07-13', '1d7aeb49-b4ba-4a1b-b996-bc1b3a058ce6', '31e8599b-be35-4372-8a4e-1e0487763caf', 'a2cd530f-44d1-4ad7-9bd5-b6950562edd8', 6513, 'ACTIVE', 'CLT');
INSERT INTO employees (id, tenant_id, full_name, email, cpf, birth_date, hire_date, department_id, position_id, manager_id, base_salary, status, employment_type) VALUES ('4a31c749-d54b-4367-abc8-5b689e598030', 'a0eebc99-9c0b-4ef8-bb6d-6bb9bd380a11', 'Pedro Martins', 'pedro.martins@axonrh.com.br', '47760113993', '1995-05-10', '2025-12-13', '3329c0fe-8384-4122-a082-31b863ae1298', '28dbb322-1bd3-45ef-9899-827c16147b4e', 'd11510f5-6ac0-46e0-a43c-e9b5918a1b26', 3715, 'ACTIVE', 'CLT');
INSERT INTO employees (id, tenant_id, full_name, email, cpf, birth_date, hire_date, department_id, position_id, manager_id, base_salary, status, employment_type) VALUES ('2bcdef5e-7d1a-4202-be4d-3a112ac274dd', 'a0eebc99-9c0b-4ef8-bb6d-6bb9bd380a11', 'Sofia Oliveira', 'sofia.oliveira@axonrh.com.br', '76770191513', '1995-05-10', '2025-09-13', 'a13c299a-7f73-423d-b962-8b4a742cea49', '11682f9b-c29f-475f-adae-6f7ff3275ab5', 'd54ccd1a-8d6b-4eb4-8f18-cb457c5f8254', 2602, 'ACTIVE', 'CLT');
INSERT INTO employees (id, tenant_id, full_name, email, cpf, birth_date, hire_date, department_id, position_id, manager_id, base_salary, status, employment_type) VALUES ('61c51008-0ad4-4e06-b2d9-59c6518bb479', 'a0eebc99-9c0b-4ef8-bb6d-6bb9bd380a11', 'Felipe Almeida', 'felipe.almeida@axonrh.com.br', '29949435492', '1995-05-10', '2024-03-26', '67bf638b-5a59-4a6f-a732-f580163b27c5', 'd2d9a68b-539f-4ede-a7f6-6869f1ba76e4', 'f5b8a6ec-dafb-4bdb-a3b7-0721fd92c8b3', 4840, 'ACTIVE', 'CLT');
INSERT INTO employees (id, tenant_id, full_name, email, cpf, birth_date, hire_date, department_id, position_id, manager_id, base_salary, status, employment_type) VALUES ('4b208b35-8708-4ccb-a790-b32232d7f76a', 'a0eebc99-9c0b-4ef8-bb6d-6bb9bd380a11', 'Gustavo Alves', 'gustavo.alves@axonrh.com.br', '36751935859', '1995-05-10', '2024-11-20', '5c774e81-7b5a-425c-b7e3-dc7f8678b3df', 'fa9104c5-8ad7-4f92-b97a-d00203162d91', 'eb1586f5-b120-4aa1-85b2-c87620e715f4', 6997, 'ACTIVE', 'CLT');
INSERT INTO employees (id, tenant_id, full_name, email, cpf, birth_date, hire_date, department_id, position_id, manager_id, base_salary, status, employment_type) VALUES ('22b7f0c1-4e52-40f6-949d-8695bfdfe475', 'a0eebc99-9c0b-4ef8-bb6d-6bb9bd380a11', 'Enzo Vieira', 'enzo.vieira@axonrh.com.br', '79997020086', '1995-05-10', '2025-07-31', '67bf638b-5a59-4a6f-a732-f580163b27c5', '89e82a94-0575-439b-9e92-e72c242bff58', 'f5b8a6ec-dafb-4bdb-a3b7-0721fd92c8b3', 2781, 'ACTIVE', 'CLT');
INSERT INTO employees (id, tenant_id, full_name, email, cpf, birth_date, hire_date, department_id, position_id, manager_id, base_salary, status, employment_type) VALUES ('93aa1bfd-b59e-40f0-9cff-bca4e09222f6', 'a0eebc99-9c0b-4ef8-bb6d-6bb9bd380a11', 'Heloisa Souza', 'heloisa.souza@axonrh.com.br', '85518472629', '1995-05-10', '2023-12-21', '3329c0fe-8384-4122-a082-31b863ae1298', '28dbb322-1bd3-45ef-9899-827c16147b4e', 'd11510f5-6ac0-46e0-a43c-e9b5918a1b26', 3227, 'ACTIVE', 'CLT');
INSERT INTO employees (id, tenant_id, full_name, email, cpf, birth_date, hire_date, department_id, position_id, manager_id, base_salary, status, employment_type) VALUES ('75db2eb8-5224-4276-bdc2-25796ab551e9', 'a0eebc99-9c0b-4ef8-bb6d-6bb9bd380a11', 'Manuela Lopes', 'manuela.lopes@axonrh.com.br', '87775935475', '1995-05-10', '2025-05-17', '35e66c6e-6af9-4db8-91af-53b02798f4b2', 'c4380ea8-65f9-4dc1-a0bb-e77c5c1a909b', '9dfdecce-1bbb-46e4-8f2f-bfd13697e51f', 7336, 'ACTIVE', 'CLT');
INSERT INTO employees (id, tenant_id, full_name, email, cpf, birth_date, hire_date, department_id, position_id, manager_id, base_salary, status, employment_type) VALUES ('3dbead5a-c57a-493c-9f57-eebe0d78c3a2', 'a0eebc99-9c0b-4ef8-bb6d-6bb9bd380a11', 'Alice Carvalho', 'alice.carvalho@axonrh.com.br', '73193712351', '1995-05-10', '2024-05-08', '7f91c159-30d5-48a2-816d-0d24a5ff5dcc', 'e8a22c74-e719-4683-b47a-4e979f040619', 'cfbfb01d-084d-47c0-9231-428c4b2dd7f9', 6499, 'ACTIVE', 'CLT');
INSERT INTO employees (id, tenant_id, full_name, email, cpf, birth_date, hire_date, department_id, position_id, manager_id, base_salary, status, employment_type) VALUES ('d3b61f94-4d2f-45a4-83fd-359f2b804ffa', 'a0eebc99-9c0b-4ef8-bb6d-6bb9bd380a11', 'Beatriz Gomes', 'beatriz.gomes@axonrh.com.br', '19743832667', '1995-05-10', '2023-12-05', '7f91c159-30d5-48a2-816d-0d24a5ff5dcc', '70d3100f-2df3-4891-a71e-03824578255f', 'cfbfb01d-084d-47c0-9231-428c4b2dd7f9', 3439, 'ACTIVE', 'CLT');
INSERT INTO employees (id, tenant_id, full_name, email, cpf, birth_date, hire_date, department_id, position_id, manager_id, base_salary, status, employment_type) VALUES ('ee2b3ee3-5521-47a9-9597-f9f5082ab7dc', 'a0eebc99-9c0b-4ef8-bb6d-6bb9bd380a11', 'Gabriel Lima', 'gabriel.lima@axonrh.com.br', '50689628363', '1995-05-10', '2023-09-01', '1d7aeb49-b4ba-4a1b-b996-bc1b3a058ce6', '5baa9bc3-2599-4f89-a554-39e9465ce81b', 'a2cd530f-44d1-4ad7-9bd5-b6950562edd8', 3280, 'ACTIVE', 'CLT');
INSERT INTO employees (id, tenant_id, full_name, email, cpf, birth_date, hire_date, department_id, position_id, manager_id, base_salary, status, employment_type) VALUES ('31ed29f8-57fc-4d62-821f-38310042ffd4', 'a0eebc99-9c0b-4ef8-bb6d-6bb9bd380a11', 'Guilherme Soares', 'guilherme.soares@axonrh.com.br', '17319037384', '1995-05-10', '2025-06-15', '35e66c6e-6af9-4db8-91af-53b02798f4b2', 'c4380ea8-65f9-4dc1-a0bb-e77c5c1a909b', '9dfdecce-1bbb-46e4-8f2f-bfd13697e51f', 10664, 'ACTIVE', 'CLT');
INSERT INTO employees (id, tenant_id, full_name, email, cpf, birth_date, hire_date, department_id, position_id, manager_id, base_salary, status, employment_type) VALUES ('6e77e1e4-7722-47b6-90eb-a4b4d617cff9', 'a0eebc99-9c0b-4ef8-bb6d-6bb9bd380a11', 'Guilherme Martins', 'guilherme.martins@axonrh.com.br', '50120332887', '1995-05-10', '2024-09-19', '35e66c6e-6af9-4db8-91af-53b02798f4b2', 'c4380ea8-65f9-4dc1-a0bb-e77c5c1a909b', '9dfdecce-1bbb-46e4-8f2f-bfd13697e51f', 12950, 'ACTIVE', 'CLT');
INSERT INTO employees (id, tenant_id, full_name, email, cpf, birth_date, hire_date, department_id, position_id, manager_id, base_salary, status, employment_type) VALUES ('673b92d5-ae34-4b3c-8529-cfb7731fcbb2', 'a0eebc99-9c0b-4ef8-bb6d-6bb9bd380a11', 'Isabella Gomes', 'isabella.gomes@axonrh.com.br', '25184691432', '1995-05-10', '2024-10-13', 'ecc6c6b5-85a9-4571-ba72-69036e8ce88f', '0d84729c-eb04-4e54-b9e4-0a8137cf89bd', '8927b072-1de8-42e7-bfff-50a950b10cd5', 2597, 'ACTIVE', 'CLT');
INSERT INTO employees (id, tenant_id, full_name, email, cpf, birth_date, hire_date, department_id, position_id, manager_id, base_salary, status, employment_type) VALUES ('fc10c2a1-bc0a-44ab-896e-a9b396321152', 'a0eebc99-9c0b-4ef8-bb6d-6bb9bd380a11', 'Manuela Martins', 'manuela.martins@axonrh.com.br', '91681251630', '1995-05-10', '2024-07-21', 'eafede0e-6a51-4f34-84c9-1c62a0570084', '14849d1d-510c-4d04-b0be-0ef4795fe239', '7235dd6f-c3b8-40f3-b0cd-a1ad6c8688e0', 5681, 'ACTIVE', 'CLT');
INSERT INTO employees (id, tenant_id, full_name, email, cpf, birth_date, hire_date, department_id, position_id, manager_id, base_salary, status, employment_type) VALUES ('85d613c6-3f45-4338-bee0-daf23403f42c', 'a0eebc99-9c0b-4ef8-bb6d-6bb9bd380a11', 'Matheus Barbosa', 'matheus.barbosa@axonrh.com.br', '13469314315', '1995-05-10', '2024-05-04', '7f91c159-30d5-48a2-816d-0d24a5ff5dcc', 'e8a22c74-e719-4683-b47a-4e979f040619', 'cfbfb01d-084d-47c0-9231-428c4b2dd7f9', 5447, 'ACTIVE', 'CLT');
INSERT INTO employees (id, tenant_id, full_name, email, cpf, birth_date, hire_date, department_id, position_id, manager_id, base_salary, status, employment_type) VALUES ('44cdc458-4495-462d-a5de-d58001a76a68', 'a0eebc99-9c0b-4ef8-bb6d-6bb9bd380a11', 'Manuela Santos', 'manuela.santos@axonrh.com.br', '56613940994', '1995-05-10', '2024-05-25', '1778a5b4-e1cc-43e6-8a6a-a37e3fd2d34f', 'bf56b196-894e-4db9-9d2f-b39ef1a2c8c6', 'ca120326-7e17-4d08-b98b-5b6a2bd069da', 7880, 'ACTIVE', 'CLT');
INSERT INTO employees (id, tenant_id, full_name, email, cpf, birth_date, hire_date, department_id, position_id, manager_id, base_salary, status, employment_type) VALUES ('edc09976-c44a-49ac-88db-55d12ec7ba9c', 'a0eebc99-9c0b-4ef8-bb6d-6bb9bd380a11', 'Manuela Fernandes', 'manuela.fernandes@axonrh.com.br', '21893827497', '1995-05-10', '2023-06-10', 'ecc6c6b5-85a9-4571-ba72-69036e8ce88f', '0d84729c-eb04-4e54-b9e4-0a8137cf89bd', '8927b072-1de8-42e7-bfff-50a950b10cd5', 3399, 'ACTIVE', 'CLT');
INSERT INTO employees (id, tenant_id, full_name, email, cpf, birth_date, hire_date, department_id, position_id, manager_id, base_salary, status, employment_type) VALUES ('b4079323-b5e3-4cfb-ae1d-2d3e43a4c6ee', 'a0eebc99-9c0b-4ef8-bb6d-6bb9bd380a11', 'Enzo Costa', 'enzo.costa@axonrh.com.br', '38645629448', '1995-05-10', '2024-05-20', 'a13c299a-7f73-423d-b962-8b4a742cea49', '7ac5e500-3db0-4b14-9dbc-8bfb338fc0dc', 'd54ccd1a-8d6b-4eb4-8f18-cb457c5f8254', 4666, 'ACTIVE', 'CLT');
INSERT INTO employees (id, tenant_id, full_name, email, cpf, birth_date, hire_date, department_id, position_id, manager_id, base_salary, status, employment_type) VALUES ('194e5a86-6c4f-4ad6-9e02-b14526b3bc8a', 'a0eebc99-9c0b-4ef8-bb6d-6bb9bd380a11', 'Felipe Santos', 'felipe.santos@axonrh.com.br', '82564141559', '1995-05-10', '2025-03-06', 'a13c299a-7f73-423d-b962-8b4a742cea49', '11682f9b-c29f-475f-adae-6f7ff3275ab5', 'd54ccd1a-8d6b-4eb4-8f18-cb457c5f8254', 3716, 'ACTIVE', 'CLT');
INSERT INTO employees (id, tenant_id, full_name, email, cpf, birth_date, hire_date, department_id, position_id, manager_id, base_salary, status, employment_type) VALUES ('f0a2e4b0-fb42-4c86-9f66-2b667214824d', 'a0eebc99-9c0b-4ef8-bb6d-6bb9bd380a11', 'Julia Silva', 'julia.silva@axonrh.com.br', '78872159081', '1995-05-10', '2024-10-17', '9c548b79-3645-4804-8e7f-d7aeaa71a20d', '7876525b-2d98-41af-a00d-3bef25526102', '7a8248fa-7010-4536-876c-0363aea06c1b', 3658, 'ACTIVE', 'CLT');
INSERT INTO employees (id, tenant_id, full_name, email, cpf, birth_date, hire_date, department_id, position_id, manager_id, base_salary, status, employment_type) VALUES ('5d1a2799-fcdb-486b-a860-1273bcceadd3', 'a0eebc99-9c0b-4ef8-bb6d-6bb9bd380a11', 'Matheus Barbosa', 'matheus.barbosa@axonrh.com.br', '39065272977', '1995-05-10', '2024-09-24', 'eafede0e-6a51-4f34-84c9-1c62a0570084', '14849d1d-510c-4d04-b0be-0ef4795fe239', '7235dd6f-c3b8-40f3-b0cd-a1ad6c8688e0', 7415, 'ACTIVE', 'CLT');
INSERT INTO employees (id, tenant_id, full_name, email, cpf, birth_date, hire_date, department_id, position_id, manager_id, base_salary, status, employment_type) VALUES ('44f5c0d6-0acc-4949-97be-017dbcecd4b7', 'a0eebc99-9c0b-4ef8-bb6d-6bb9bd380a11', 'Gustavo Pereira', 'gustavo.pereira@axonrh.com.br', '46228996155', '1995-05-10', '2025-08-03', 'e43a11be-15f4-4746-8739-e99981437af5', 'c88a4459-0e9a-46c9-8821-d504a3757cd2', '39accb17-07b1-4a48-b1b2-2abb5b42169b', 4886, 'ACTIVE', 'CLT');
INSERT INTO employees (id, tenant_id, full_name, email, cpf, birth_date, hire_date, department_id, position_id, manager_id, base_salary, status, employment_type) VALUES ('960514af-8974-467d-8b72-20018517003c', 'a0eebc99-9c0b-4ef8-bb6d-6bb9bd380a11', 'Gabriel Martins', 'gabriel.martins@axonrh.com.br', '16553566427', '1995-05-10', '2023-08-08', 'eafede0e-6a51-4f34-84c9-1c62a0570084', '14849d1d-510c-4d04-b0be-0ef4795fe239', '7235dd6f-c3b8-40f3-b0cd-a1ad6c8688e0', 6447, 'ACTIVE', 'CLT');
INSERT INTO employees (id, tenant_id, full_name, email, cpf, birth_date, hire_date, department_id, position_id, manager_id, base_salary, status, employment_type) VALUES ('e47c3e4a-e088-46ca-a671-36998df53ce6', 'a0eebc99-9c0b-4ef8-bb6d-6bb9bd380a11', 'Isabella Oliveira', 'isabella.oliveira@axonrh.com.br', '91419219441', '1995-05-10', '2023-12-21', '586bd3e7-eb99-4a11-a95d-286838732b0e', 'c0b172e8-9b79-4828-825d-44e744dd7231', '73de738b-0ea8-43cc-b023-ff7d8cebf06f', 6089, 'ACTIVE', 'CLT');
INSERT INTO employees (id, tenant_id, full_name, email, cpf, birth_date, hire_date, department_id, position_id, manager_id, base_salary, status, employment_type) VALUES ('c50ce947-4873-4849-9295-81e97db71d71', 'a0eebc99-9c0b-4ef8-bb6d-6bb9bd380a11', 'Lucas Souza', 'lucas.souza@axonrh.com.br', '41171863563', '1995-05-10', '2023-06-15', 'ecc6c6b5-85a9-4571-ba72-69036e8ce88f', 'd962d4bf-92a3-4da6-b471-a5324dfe9ec7', '8927b072-1de8-42e7-bfff-50a950b10cd5', 6035, 'ACTIVE', 'CLT');
INSERT INTO employees (id, tenant_id, full_name, email, cpf, birth_date, hire_date, department_id, position_id, manager_id, base_salary, status, employment_type) VALUES ('8a5477b4-2e18-42ce-8ba8-1c8dd8a756a9', 'a0eebc99-9c0b-4ef8-bb6d-6bb9bd380a11', 'Beatriz Oliveira', 'beatriz.oliveira@axonrh.com.br', '84596052982', '1995-05-10', '2024-12-21', 'a13c299a-7f73-423d-b962-8b4a742cea49', '11682f9b-c29f-475f-adae-6f7ff3275ab5', 'd54ccd1a-8d6b-4eb4-8f18-cb457c5f8254', 3924, 'ACTIVE', 'CLT');
INSERT INTO employees (id, tenant_id, full_name, email, cpf, birth_date, hire_date, department_id, position_id, manager_id, base_salary, status, employment_type) VALUES ('c8b29c56-437f-4302-995c-531968a69b3d', 'a0eebc99-9c0b-4ef8-bb6d-6bb9bd380a11', 'Pedro Souza', 'pedro.souza@axonrh.com.br', '84428582911', '1995-05-10', '2024-04-09', '586bd3e7-eb99-4a11-a95d-286838732b0e', 'c0b172e8-9b79-4828-825d-44e744dd7231', '73de738b-0ea8-43cc-b023-ff7d8cebf06f', 5587, 'ACTIVE', 'CLT');
INSERT INTO employees (id, tenant_id, full_name, email, cpf, birth_date, hire_date, department_id, position_id, manager_id, base_salary, status, employment_type) VALUES ('f3015148-1458-412a-925e-b3af2311bfaa', 'a0eebc99-9c0b-4ef8-bb6d-6bb9bd380a11', 'Felipe Santos', 'felipe.santos@axonrh.com.br', '76520889027', '1995-05-10', '2023-10-21', '7bc921fb-85b3-49c6-b6fa-0c2cc5910852', '54a695ec-cc59-4888-b901-ab9c93031442', 'c574a2ed-fb7d-44af-89f6-a821a0a22147', 4991, 'ACTIVE', 'CLT');
INSERT INTO employees (id, tenant_id, full_name, email, cpf, birth_date, hire_date, department_id, position_id, manager_id, base_salary, status, employment_type) VALUES ('42cd6d91-db5f-4723-98fe-4c3361375328', 'a0eebc99-9c0b-4ef8-bb6d-6bb9bd380a11', 'Gustavo Gomes', 'gustavo.gomes@axonrh.com.br', '50616152996', '1995-05-10', '2024-10-14', '7bc921fb-85b3-49c6-b6fa-0c2cc5910852', '54a695ec-cc59-4888-b901-ab9c93031442', 'c574a2ed-fb7d-44af-89f6-a821a0a22147', 4846, 'ACTIVE', 'CLT');
INSERT INTO employees (id, tenant_id, full_name, email, cpf, birth_date, hire_date, department_id, position_id, manager_id, base_salary, status, employment_type) VALUES ('ca117e11-f6d7-4334-b468-6342572f3cd9', 'a0eebc99-9c0b-4ef8-bb6d-6bb9bd380a11', 'João Martins', 'joão.martins@axonrh.com.br', '70522834945', '1995-05-10', '2023-10-29', '9c548b79-3645-4804-8e7f-d7aeaa71a20d', '05909b4e-a641-46d8-a72a-f663207a9566', '7a8248fa-7010-4536-876c-0363aea06c1b', 4842, 'ACTIVE', 'CLT');
INSERT INTO employees (id, tenant_id, full_name, email, cpf, birth_date, hire_date, department_id, position_id, manager_id, base_salary, status, employment_type) VALUES ('2aff557d-be08-4beb-af04-ec00ced92bfd', 'a0eebc99-9c0b-4ef8-bb6d-6bb9bd380a11', 'Matheus Santos', 'matheus.santos@axonrh.com.br', '13032672430', '1995-05-10', '2024-02-20', 'e43a11be-15f4-4746-8739-e99981437af5', 'c88a4459-0e9a-46c9-8821-d504a3757cd2', '39accb17-07b1-4a48-b1b2-2abb5b42169b', 6853, 'ACTIVE', 'CLT');
INSERT INTO employees (id, tenant_id, full_name, email, cpf, birth_date, hire_date, department_id, position_id, manager_id, base_salary, status, employment_type) VALUES ('08e0c71c-c828-465d-a3ef-42617c17faa2', 'a0eebc99-9c0b-4ef8-bb6d-6bb9bd380a11', 'Enzo Lima', 'enzo.lima@axonrh.com.br', '13291423667', '1995-05-10', '2025-01-03', '7f91c159-30d5-48a2-816d-0d24a5ff5dcc', 'e8a22c74-e719-4683-b47a-4e979f040619', 'cfbfb01d-084d-47c0-9231-428c4b2dd7f9', 5592, 'ACTIVE', 'CLT');
INSERT INTO employees (id, tenant_id, full_name, email, cpf, birth_date, hire_date, department_id, position_id, manager_id, base_salary, status, employment_type) VALUES ('1389df65-5e72-439c-be08-4d58f7001100', 'a0eebc99-9c0b-4ef8-bb6d-6bb9bd380a11', 'Julia Santos', 'julia.santos@axonrh.com.br', '12357598314', '1995-05-10', '2024-12-19', 'a13c299a-7f73-423d-b962-8b4a742cea49', '7ac5e500-3db0-4b14-9dbc-8bfb338fc0dc', 'd54ccd1a-8d6b-4eb4-8f18-cb457c5f8254', 6570, 'ACTIVE', 'CLT');
INSERT INTO employees (id, tenant_id, full_name, email, cpf, birth_date, hire_date, department_id, position_id, manager_id, base_salary, status, employment_type) VALUES ('126a307f-7879-448a-a85d-4834975a9755', 'a0eebc99-9c0b-4ef8-bb6d-6bb9bd380a11', 'Guilherme Pereira', 'guilherme.pereira@axonrh.com.br', '89832725032', '1995-05-10', '2023-08-20', 'e43a11be-15f4-4746-8739-e99981437af5', 'a2946e2e-3e52-4135-9e34-ad169b284d80', '39accb17-07b1-4a48-b1b2-2abb5b42169b', 2841, 'ACTIVE', 'CLT');
INSERT INTO employees (id, tenant_id, full_name, email, cpf, birth_date, hire_date, department_id, position_id, manager_id, base_salary, status, employment_type) VALUES ('d35b479c-dc7b-4bd7-be9d-eef7d027f66e', 'a0eebc99-9c0b-4ef8-bb6d-6bb9bd380a11', 'Laura Soares', 'laura.soares@axonrh.com.br', '30422092114', '1995-05-10', '2024-02-15', '3329c0fe-8384-4122-a082-31b863ae1298', 'f100b257-ebe2-4ab2-8908-66c2144367bd', 'd11510f5-6ac0-46e0-a43c-e9b5918a1b26', 5309, 'ACTIVE', 'CLT');
INSERT INTO employees (id, tenant_id, full_name, email, cpf, birth_date, hire_date, department_id, position_id, manager_id, base_salary, status, employment_type) VALUES ('32c7ac37-22db-4ce0-9e7f-fd7f5909c283', 'a0eebc99-9c0b-4ef8-bb6d-6bb9bd380a11', 'Alice Oliveira', 'alice.oliveira@axonrh.com.br', '55422552048', '1995-05-10', '2025-02-16', 'a13c299a-7f73-423d-b962-8b4a742cea49', '7ac5e500-3db0-4b14-9dbc-8bfb338fc0dc', 'd54ccd1a-8d6b-4eb4-8f18-cb457c5f8254', 4778, 'ACTIVE', 'CLT');
INSERT INTO employees (id, tenant_id, full_name, email, cpf, birth_date, hire_date, department_id, position_id, manager_id, base_salary, status, employment_type) VALUES ('c917c81d-a930-4194-90de-79e91df8fb04', 'a0eebc99-9c0b-4ef8-bb6d-6bb9bd380a11', 'Alice Souza', 'alice.souza@axonrh.com.br', '37983053461', '1995-05-10', '2024-09-06', '3329c0fe-8384-4122-a082-31b863ae1298', '28dbb322-1bd3-45ef-9899-827c16147b4e', 'd11510f5-6ac0-46e0-a43c-e9b5918a1b26', 3248, 'ACTIVE', 'CLT');
INSERT INTO employees (id, tenant_id, full_name, email, cpf, birth_date, hire_date, department_id, position_id, manager_id, base_salary, status, employment_type) VALUES ('398575f2-71d7-492a-a6b5-e7f5f220d7fd', 'a0eebc99-9c0b-4ef8-bb6d-6bb9bd380a11', 'Gustavo Gomes', 'gustavo.gomes@axonrh.com.br', '57174817273', '1995-05-10', '2025-06-23', '84c90b65-abb4-424f-84c6-2f67e6671fed', 'f703b5c5-f192-4b5a-bb2d-2f8cd389af09', 'e7de7478-3ed4-40c3-87a3-8f509740fe82', 3478, 'ACTIVE', 'CLT');
INSERT INTO employees (id, tenant_id, full_name, email, cpf, birth_date, hire_date, department_id, position_id, manager_id, base_salary, status, employment_type) VALUES ('25c7c824-6ad4-47f6-8f52-92c425ce4dea', 'a0eebc99-9c0b-4ef8-bb6d-6bb9bd380a11', 'Felipe Silva', 'felipe.silva@axonrh.com.br', '57770191380', '1995-05-10', '2024-07-19', '1778a5b4-e1cc-43e6-8a6a-a37e3fd2d34f', 'bf56b196-894e-4db9-9d2f-b39ef1a2c8c6', 'ca120326-7e17-4d08-b98b-5b6a2bd069da', 5531, 'ACTIVE', 'CLT');
INSERT INTO employees (id, tenant_id, full_name, email, cpf, birth_date, hire_date, department_id, position_id, manager_id, base_salary, status, employment_type) VALUES ('4d77f416-914c-4922-be2d-52d2acce82a9', 'a0eebc99-9c0b-4ef8-bb6d-6bb9bd380a11', 'Sofia Silva', 'sofia.silva@axonrh.com.br', '80415086391', '1995-05-10', '2025-05-06', '586bd3e7-eb99-4a11-a95d-286838732b0e', 'c0b172e8-9b79-4828-825d-44e744dd7231', '73de738b-0ea8-43cc-b023-ff7d8cebf06f', 7090, 'ACTIVE', 'CLT');
INSERT INTO employees (id, tenant_id, full_name, email, cpf, birth_date, hire_date, department_id, position_id, manager_id, base_salary, status, employment_type) VALUES ('0d6c6b99-7629-4dcd-b082-d3b7149d9c23', 'a0eebc99-9c0b-4ef8-bb6d-6bb9bd380a11', 'Gabriel Costa', 'gabriel.costa@axonrh.com.br', '14642138220', '1995-05-10', '2024-07-29', 'e43a11be-15f4-4746-8739-e99981437af5', 'c88a4459-0e9a-46c9-8821-d504a3757cd2', '39accb17-07b1-4a48-b1b2-2abb5b42169b', 5772, 'ACTIVE', 'CLT');
INSERT INTO employees (id, tenant_id, full_name, email, cpf, birth_date, hire_date, department_id, position_id, manager_id, base_salary, status, employment_type) VALUES ('e7cd0075-4639-4d64-ac4d-8f0981e0021e', 'a0eebc99-9c0b-4ef8-bb6d-6bb9bd380a11', 'Guilherme Rodrigues', 'guilherme.rodrigues@axonrh.com.br', '23211514193', '1995-05-10', '2023-11-06', '84c90b65-abb4-424f-84c6-2f67e6671fed', 'c353303f-d523-4e0c-80ba-559b6b2a3d64', 'e7de7478-3ed4-40c3-87a3-8f509740fe82', 7403, 'ACTIVE', 'CLT');
INSERT INTO employees (id, tenant_id, full_name, email, cpf, birth_date, hire_date, department_id, position_id, manager_id, base_salary, status, employment_type) VALUES ('e5098290-d199-42fc-893b-db2b275d639f', 'a0eebc99-9c0b-4ef8-bb6d-6bb9bd380a11', 'Manuela Costa', 'manuela.costa@axonrh.com.br', '62843746317', '1995-05-10', '2025-05-20', '84c90b65-abb4-424f-84c6-2f67e6671fed', 'c353303f-d523-4e0c-80ba-559b6b2a3d64', 'e7de7478-3ed4-40c3-87a3-8f509740fe82', 7033, 'ACTIVE', 'CLT');
INSERT INTO employees (id, tenant_id, full_name, email, cpf, birth_date, hire_date, department_id, position_id, manager_id, base_salary, status, employment_type) VALUES ('d3cfe94b-fb30-491e-95a4-ce76fe96ae39', 'a0eebc99-9c0b-4ef8-bb6d-6bb9bd380a11', 'Felipe Almeida', 'felipe.almeida@axonrh.com.br', '80081865690', '1995-05-10', '2024-01-11', '35e66c6e-6af9-4db8-91af-53b02798f4b2', 'c4380ea8-65f9-4dc1-a0bb-e77c5c1a909b', '9dfdecce-1bbb-46e4-8f2f-bfd13697e51f', 7879, 'ACTIVE', 'CLT');
INSERT INTO employees (id, tenant_id, full_name, email, cpf, birth_date, hire_date, department_id, position_id, manager_id, base_salary, status, employment_type) VALUES ('e6df58bc-1519-4cce-8735-32972f858a25', 'a0eebc99-9c0b-4ef8-bb6d-6bb9bd380a11', 'Alice Martins', 'alice.martins@axonrh.com.br', '11763943866', '1995-05-10', '2025-02-12', '1778a5b4-e1cc-43e6-8a6a-a37e3fd2d34f', 'bf56b196-894e-4db9-9d2f-b39ef1a2c8c6', 'ca120326-7e17-4d08-b98b-5b6a2bd069da', 7698, 'ACTIVE', 'CLT');
INSERT INTO employees (id, tenant_id, full_name, email, cpf, birth_date, hire_date, department_id, position_id, manager_id, base_salary, status, employment_type) VALUES ('8402f511-993b-4dc2-af5b-75ea5135bdd8', 'a0eebc99-9c0b-4ef8-bb6d-6bb9bd380a11', 'Maria Lopes', 'maria.lopes@axonrh.com.br', '57053831845', '1995-05-10', '2025-06-02', '5c774e81-7b5a-425c-b7e3-dc7f8678b3df', 'f4cb2b01-ebb2-4eb8-a302-5ba001bd83fe', 'eb1586f5-b120-4aa1-85b2-c87620e715f4', 2837, 'ACTIVE', 'CLT');
INSERT INTO employees (id, tenant_id, full_name, email, cpf, birth_date, hire_date, department_id, position_id, manager_id, base_salary, status, employment_type) VALUES ('6e1fc5a8-d1b4-4b9c-bb47-606f4ff10037', 'a0eebc99-9c0b-4ef8-bb6d-6bb9bd380a11', 'Beatriz Carvalho', 'beatriz.carvalho@axonrh.com.br', '64581531573', '1995-05-10', '2023-12-14', '82601497-b8c3-4c1e-9218-4aef1aa77a3b', '5d22e824-4cf0-401e-8efa-853b450ce2ff', '94b9b320-abbf-4b48-b15e-44581a5035a3', 4605, 'ACTIVE', 'CLT');
INSERT INTO employees (id, tenant_id, full_name, email, cpf, birth_date, hire_date, department_id, position_id, manager_id, base_salary, status, employment_type) VALUES ('8ec4093d-8737-4ca9-9b0e-4261e398438f', 'a0eebc99-9c0b-4ef8-bb6d-6bb9bd380a11', 'Rafael Rodrigues', 'rafael.rodrigues@axonrh.com.br', '68174918521', '1995-05-10', '2023-06-21', '1d7aeb49-b4ba-4a1b-b996-bc1b3a058ce6', '31e8599b-be35-4372-8a4e-1e0487763caf', 'a2cd530f-44d1-4ad7-9bd5-b6950562edd8', 5885, 'ACTIVE', 'CLT');
INSERT INTO employees (id, tenant_id, full_name, email, cpf, birth_date, hire_date, department_id, position_id, manager_id, base_salary, status, employment_type) VALUES ('cdf26e63-bd31-45d6-a519-afb27f59b977', 'a0eebc99-9c0b-4ef8-bb6d-6bb9bd380a11', 'Lucas Oliveira', 'lucas.oliveira@axonrh.com.br', '83224235495', '1995-05-10', '2024-08-07', 'e43a11be-15f4-4746-8739-e99981437af5', 'a2946e2e-3e52-4135-9e34-ad169b284d80', '39accb17-07b1-4a48-b1b2-2abb5b42169b', 2511, 'ACTIVE', 'CLT');
INSERT INTO employees (id, tenant_id, full_name, email, cpf, birth_date, hire_date, department_id, position_id, manager_id, base_salary, status, employment_type) VALUES ('dfd61d1a-c873-4558-992f-6b2930716d84', 'a0eebc99-9c0b-4ef8-bb6d-6bb9bd380a11', 'Alice Oliveira', 'alice.oliveira@axonrh.com.br', '24139869832', '1995-05-10', '2025-11-16', 'a53e1465-070c-4107-b3c1-a7de21c7094e', '01c98cac-2866-4544-a707-650ccf9dd1f2', 'f302d8c1-a59b-48e4-a3a7-13cb2f18f58d', 4719, 'ACTIVE', 'CLT');
INSERT INTO employees (id, tenant_id, full_name, email, cpf, birth_date, hire_date, department_id, position_id, manager_id, base_salary, status, employment_type) VALUES ('306475a3-6cec-48e7-8915-7297fccd7987', 'a0eebc99-9c0b-4ef8-bb6d-6bb9bd380a11', 'Rafael Lopes', 'rafael.lopes@axonrh.com.br', '70148917716', '1995-05-10', '2025-03-14', '35e66c6e-6af9-4db8-91af-53b02798f4b2', 'c4380ea8-65f9-4dc1-a0bb-e77c5c1a909b', '9dfdecce-1bbb-46e4-8f2f-bfd13697e51f', 6964, 'ACTIVE', 'CLT');
INSERT INTO employees (id, tenant_id, full_name, email, cpf, birth_date, hire_date, department_id, position_id, manager_id, base_salary, status, employment_type) VALUES ('7e6e9f88-1852-4c87-af68-34a889288984', 'a0eebc99-9c0b-4ef8-bb6d-6bb9bd380a11', 'Laura Martins', 'laura.martins@axonrh.com.br', '69564715538', '1995-05-10', '2025-03-20', '5c774e81-7b5a-425c-b7e3-dc7f8678b3df', 'fa9104c5-8ad7-4f92-b97a-d00203162d91', 'eb1586f5-b120-4aa1-85b2-c87620e715f4', 6942, 'ACTIVE', 'CLT');
INSERT INTO employees (id, tenant_id, full_name, email, cpf, birth_date, hire_date, department_id, position_id, manager_id, base_salary, status, employment_type) VALUES ('0001e0da-88b9-44a2-8ba1-ba280427b6da', 'a0eebc99-9c0b-4ef8-bb6d-6bb9bd380a11', 'Pedro Oliveira', 'pedro.oliveira@axonrh.com.br', '27949087161', '1995-05-10', '2024-10-28', '7bc921fb-85b3-49c6-b6fa-0c2cc5910852', '54a695ec-cc59-4888-b901-ab9c93031442', 'c574a2ed-fb7d-44af-89f6-a821a0a22147', 5046, 'ACTIVE', 'CLT');
INSERT INTO employees (id, tenant_id, full_name, email, cpf, birth_date, hire_date, department_id, position_id, manager_id, base_salary, status, employment_type) VALUES ('dcff7069-3600-4bb0-bcf6-186c8f001903', 'a0eebc99-9c0b-4ef8-bb6d-6bb9bd380a11', 'Pedro Lima', 'pedro.lima@axonrh.com.br', '69546156345', '1995-05-10', '2023-11-17', '3329c0fe-8384-4122-a082-31b863ae1298', 'f100b257-ebe2-4ab2-8908-66c2144367bd', 'd11510f5-6ac0-46e0-a43c-e9b5918a1b26', 5407, 'ACTIVE', 'CLT');
INSERT INTO employees (id, tenant_id, full_name, email, cpf, birth_date, hire_date, department_id, position_id, manager_id, base_salary, status, employment_type) VALUES ('a6ca652e-2de6-45e0-ab23-1e9128fdab1b', 'a0eebc99-9c0b-4ef8-bb6d-6bb9bd380a11', 'Enzo Gomes', 'enzo.gomes@axonrh.com.br', '66838134273', '1995-05-10', '2024-01-22', 'a53e1465-070c-4107-b3c1-a7de21c7094e', '01c98cac-2866-4544-a707-650ccf9dd1f2', 'f302d8c1-a59b-48e4-a3a7-13cb2f18f58d', 7687, 'ACTIVE', 'CLT');
INSERT INTO employees (id, tenant_id, full_name, email, cpf, birth_date, hire_date, department_id, position_id, manager_id, base_salary, status, employment_type) VALUES ('348cb0ae-b30a-4472-85fe-a57caf38649b', 'a0eebc99-9c0b-4ef8-bb6d-6bb9bd380a11', 'Julia Martins', 'julia.martins@axonrh.com.br', '28321793733', '1995-05-10', '2025-04-17', '67bf638b-5a59-4a6f-a732-f580163b27c5', 'd2d9a68b-539f-4ede-a7f6-6869f1ba76e4', 'f5b8a6ec-dafb-4bdb-a3b7-0721fd92c8b3', 6949, 'ACTIVE', 'CLT');
INSERT INTO employees (id, tenant_id, full_name, email, cpf, birth_date, hire_date, department_id, position_id, manager_id, base_salary, status, employment_type) VALUES ('65f5e7d6-06a2-4134-a5ca-287237868844', 'a0eebc99-9c0b-4ef8-bb6d-6bb9bd380a11', 'Manuela Fernandes', 'manuela.fernandes@axonrh.com.br', '52832432392', '1995-05-10', '2024-11-15', '82601497-b8c3-4c1e-9218-4aef1aa77a3b', '5d22e824-4cf0-401e-8efa-853b450ce2ff', '94b9b320-abbf-4b48-b15e-44581a5035a3', 6484, 'ACTIVE', 'CLT');
INSERT INTO employees (id, tenant_id, full_name, email, cpf, birth_date, hire_date, department_id, position_id, manager_id, base_salary, status, employment_type) VALUES ('9980413f-4205-4d1c-9b23-fa2d69fae8d3', 'a0eebc99-9c0b-4ef8-bb6d-6bb9bd380a11', 'João Lopes', 'joão.lopes@axonrh.com.br', '16372268440', '1995-05-10', '2024-08-18', '7f91c159-30d5-48a2-816d-0d24a5ff5dcc', '70d3100f-2df3-4891-a71e-03824578255f', 'cfbfb01d-084d-47c0-9231-428c4b2dd7f9', 3377, 'ACTIVE', 'CLT');
INSERT INTO employees (id, tenant_id, full_name, email, cpf, birth_date, hire_date, department_id, position_id, manager_id, base_salary, status, employment_type) VALUES ('2857340f-cec8-4c8f-ab01-52fa7beab0d1', 'a0eebc99-9c0b-4ef8-bb6d-6bb9bd380a11', 'Guilherme Soares', 'guilherme.soares@axonrh.com.br', '23060345113', '1995-05-10', '2023-11-07', '67bf638b-5a59-4a6f-a732-f580163b27c5', 'd2d9a68b-539f-4ede-a7f6-6869f1ba76e4', 'f5b8a6ec-dafb-4bdb-a3b7-0721fd92c8b3', 5080, 'ACTIVE', 'CLT');
INSERT INTO employees (id, tenant_id, full_name, email, cpf, birth_date, hire_date, department_id, position_id, manager_id, base_salary, status, employment_type) VALUES ('ff72c1b2-6011-415f-809b-5308c8194836', 'a0eebc99-9c0b-4ef8-bb6d-6bb9bd380a11', 'Giovanna Oliveira', 'giovanna.oliveira@axonrh.com.br', '56051935172', '1995-05-10', '2023-10-18', '67bf638b-5a59-4a6f-a732-f580163b27c5', 'd2d9a68b-539f-4ede-a7f6-6869f1ba76e4', 'f5b8a6ec-dafb-4bdb-a3b7-0721fd92c8b3', 4836, 'ACTIVE', 'CLT');
INSERT INTO employees (id, tenant_id, full_name, email, cpf, birth_date, hire_date, department_id, position_id, manager_id, base_salary, status, employment_type) VALUES ('3cd0ddaa-41ef-48fc-a96e-f4fe2b695f22', 'a0eebc99-9c0b-4ef8-bb6d-6bb9bd380a11', 'Sofia Souza', 'sofia.souza@axonrh.com.br', '65976188623', '1995-05-10', '2024-04-09', 'eafede0e-6a51-4f34-84c9-1c62a0570084', '14849d1d-510c-4d04-b0be-0ef4795fe239', '7235dd6f-c3b8-40f3-b0cd-a1ad6c8688e0', 6753, 'ACTIVE', 'CLT');
INSERT INTO employees (id, tenant_id, full_name, email, cpf, birth_date, hire_date, department_id, position_id, manager_id, base_salary, status, employment_type) VALUES ('5c0d129a-a263-4185-93df-099db531ee5f', 'a0eebc99-9c0b-4ef8-bb6d-6bb9bd380a11', 'Maria Lima', 'maria.lima@axonrh.com.br', '33235522362', '1995-05-10', '2025-12-19', '9c548b79-3645-4804-8e7f-d7aeaa71a20d', '05909b4e-a641-46d8-a72a-f663207a9566', '7a8248fa-7010-4536-876c-0363aea06c1b', 7006, 'ACTIVE', 'CLT');
INSERT INTO employees (id, tenant_id, full_name, email, cpf, birth_date, hire_date, department_id, position_id, manager_id, base_salary, status, employment_type) VALUES ('6d6913c6-8b5c-4ecc-8720-a438c071b47a', 'a0eebc99-9c0b-4ef8-bb6d-6bb9bd380a11', 'Isabella Oliveira', 'isabella.oliveira@axonrh.com.br', '97463835177', '1995-05-10', '2025-03-18', '82601497-b8c3-4c1e-9218-4aef1aa77a3b', '5d22e824-4cf0-401e-8efa-853b450ce2ff', '94b9b320-abbf-4b48-b15e-44581a5035a3', 5622, 'ACTIVE', 'CLT');
INSERT INTO employees (id, tenant_id, full_name, email, cpf, birth_date, hire_date, department_id, position_id, manager_id, base_salary, status, employment_type) VALUES ('29911fab-40ca-44b9-9ba6-51ec147df460', 'a0eebc99-9c0b-4ef8-bb6d-6bb9bd380a11', 'Rafael Silva', 'rafael.silva@axonrh.com.br', '98162468694', '1995-05-10', '2023-09-13', 'a53e1465-070c-4107-b3c1-a7de21c7094e', '01c98cac-2866-4544-a707-650ccf9dd1f2', 'f302d8c1-a59b-48e4-a3a7-13cb2f18f58d', 6261, 'ACTIVE', 'CLT');
INSERT INTO employees (id, tenant_id, full_name, email, cpf, birth_date, hire_date, department_id, position_id, manager_id, base_salary, status, employment_type) VALUES ('27b3b52d-0288-4644-8477-03e59f9d702c', 'a0eebc99-9c0b-4ef8-bb6d-6bb9bd380a11', 'Heloisa Lima', 'heloisa.lima@axonrh.com.br', '51444688583', '1995-05-10', '2023-05-20', '84c90b65-abb4-424f-84c6-2f67e6671fed', 'f703b5c5-f192-4b5a-bb2d-2f8cd389af09', 'e7de7478-3ed4-40c3-87a3-8f509740fe82', 3967, 'ACTIVE', 'CLT');
INSERT INTO employees (id, tenant_id, full_name, email, cpf, birth_date, hire_date, department_id, position_id, manager_id, base_salary, status, employment_type) VALUES ('1da129d9-cd12-4c82-8628-9979f3cd3822', 'a0eebc99-9c0b-4ef8-bb6d-6bb9bd380a11', 'Isabella Soares', 'isabella.soares@axonrh.com.br', '16784847761', '1995-05-10', '2023-10-10', 'ecc6c6b5-85a9-4571-ba72-69036e8ce88f', 'd962d4bf-92a3-4da6-b471-a5324dfe9ec7', '8927b072-1de8-42e7-bfff-50a950b10cd5', 7470, 'ACTIVE', 'CLT');
INSERT INTO employees (id, tenant_id, full_name, email, cpf, birth_date, hire_date, department_id, position_id, manager_id, base_salary, status, employment_type) VALUES ('a4973c36-06c0-430e-a4f6-56de431f6050', 'a0eebc99-9c0b-4ef8-bb6d-6bb9bd380a11', 'Julia Lopes', 'julia.lopes@axonrh.com.br', '78687542545', '1995-05-10', '2025-10-01', '82601497-b8c3-4c1e-9218-4aef1aa77a3b', '5d22e824-4cf0-401e-8efa-853b450ce2ff', '94b9b320-abbf-4b48-b15e-44581a5035a3', 4750, 'ACTIVE', 'CLT');
INSERT INTO employees (id, tenant_id, full_name, email, cpf, birth_date, hire_date, department_id, position_id, manager_id, base_salary, status, employment_type) VALUES ('ef8dbbcc-f361-471c-84c8-5f199bca622a', 'a0eebc99-9c0b-4ef8-bb6d-6bb9bd380a11', 'Isabella Silva', 'isabella.silva@axonrh.com.br', '57514651495', '1995-05-10', '2024-04-05', 'a13c299a-7f73-423d-b962-8b4a742cea49', '11682f9b-c29f-475f-adae-6f7ff3275ab5', 'd54ccd1a-8d6b-4eb4-8f18-cb457c5f8254', 3854, 'ACTIVE', 'CLT');
INSERT INTO employees (id, tenant_id, full_name, email, cpf, birth_date, hire_date, department_id, position_id, manager_id, base_salary, status, employment_type) VALUES ('ac69642e-350f-4694-8d0e-43959e0fe7cf', 'a0eebc99-9c0b-4ef8-bb6d-6bb9bd380a11', 'Sofia Alves', 'sofia.alves@axonrh.com.br', '46535466686', '1995-05-10', '2025-06-03', '1d7aeb49-b4ba-4a1b-b996-bc1b3a058ce6', '5baa9bc3-2599-4f89-a554-39e9465ce81b', 'a2cd530f-44d1-4ad7-9bd5-b6950562edd8', 2884, 'ACTIVE', 'CLT');
INSERT INTO employees (id, tenant_id, full_name, email, cpf, birth_date, hire_date, department_id, position_id, manager_id, base_salary, status, employment_type) VALUES ('2d769aea-1fda-4549-ac62-87bd9719236f', 'a0eebc99-9c0b-4ef8-bb6d-6bb9bd380a11', 'Manuela Souza', 'manuela.souza@axonrh.com.br', '55616148060', '1995-05-10', '2023-10-27', '7bc921fb-85b3-49c6-b6fa-0c2cc5910852', '54a695ec-cc59-4888-b901-ab9c93031442', 'c574a2ed-fb7d-44af-89f6-a821a0a22147', 4197, 'ACTIVE', 'CLT');
INSERT INTO employees (id, tenant_id, full_name, email, cpf, birth_date, hire_date, department_id, position_id, manager_id, base_salary, status, employment_type) VALUES ('617852ac-7352-48a6-8b78-ae1ff57c2231', 'a0eebc99-9c0b-4ef8-bb6d-6bb9bd380a11', 'Sofia Oliveira', 'sofia.oliveira@axonrh.com.br', '21390690342', '1995-05-10', '2024-09-22', '9c548b79-3645-4804-8e7f-d7aeaa71a20d', '7876525b-2d98-41af-a00d-3bef25526102', '7a8248fa-7010-4536-876c-0363aea06c1b', 3050, 'ACTIVE', 'CLT');
INSERT INTO employees (id, tenant_id, full_name, email, cpf, birth_date, hire_date, department_id, position_id, manager_id, base_salary, status, employment_type) VALUES ('730bc162-36fc-47f4-bc29-5150e46a0e0d', 'a0eebc99-9c0b-4ef8-bb6d-6bb9bd380a11', 'Beatriz Gomes', 'beatriz.gomes@axonrh.com.br', '59725627987', '1995-05-10', '2023-12-27', '9c548b79-3645-4804-8e7f-d7aeaa71a20d', '05909b4e-a641-46d8-a72a-f663207a9566', '7a8248fa-7010-4536-876c-0363aea06c1b', 5636, 'ACTIVE', 'CLT');
INSERT INTO employees (id, tenant_id, full_name, email, cpf, birth_date, hire_date, department_id, position_id, manager_id, base_salary, status, employment_type) VALUES ('f73e7200-ffab-4672-9488-65f3d594ab27', 'a0eebc99-9c0b-4ef8-bb6d-6bb9bd380a11', 'Gabriel Lima', 'gabriel.lima@axonrh.com.br', '98760762710', '1995-05-10', '2023-11-13', 'eafede0e-6a51-4f34-84c9-1c62a0570084', '14849d1d-510c-4d04-b0be-0ef4795fe239', '7235dd6f-c3b8-40f3-b0cd-a1ad6c8688e0', 7563, 'ACTIVE', 'CLT');
INSERT INTO employees (id, tenant_id, full_name, email, cpf, birth_date, hire_date, department_id, position_id, manager_id, base_salary, status, employment_type) VALUES ('f60c55ed-4bec-440c-b6d9-bec0b07d1146', 'a0eebc99-9c0b-4ef8-bb6d-6bb9bd380a11', 'Pedro Costa', 'pedro.costa@axonrh.com.br', '30442132263', '1995-05-10', '2024-02-01', '1d7aeb49-b4ba-4a1b-b996-bc1b3a058ce6', '31e8599b-be35-4372-8a4e-1e0487763caf', 'a2cd530f-44d1-4ad7-9bd5-b6950562edd8', 5661, 'ACTIVE', 'CLT');
INSERT INTO employees (id, tenant_id, full_name, email, cpf, birth_date, hire_date, department_id, position_id, manager_id, base_salary, status, employment_type) VALUES ('f5373582-6bcb-45d4-aef9-8a7b5b18374e', 'a0eebc99-9c0b-4ef8-bb6d-6bb9bd380a11', 'Isabella Gomes', 'isabella.gomes@axonrh.com.br', '72564413456', '1995-05-10', '2024-11-10', 'a53e1465-070c-4107-b3c1-a7de21c7094e', '01c98cac-2866-4544-a707-650ccf9dd1f2', 'f302d8c1-a59b-48e4-a3a7-13cb2f18f58d', 7621, 'ACTIVE', 'CLT');
INSERT INTO employees (id, tenant_id, full_name, email, cpf, birth_date, hire_date, department_id, position_id, manager_id, base_salary, status, employment_type) VALUES ('70f03c79-9a7a-40b6-a1ed-f61d075dd7e5', 'a0eebc99-9c0b-4ef8-bb6d-6bb9bd380a11', 'Laura Ribeiro', 'laura.ribeiro@axonrh.com.br', '49669735640', '1995-05-10', '2024-04-15', '35e66c6e-6af9-4db8-91af-53b02798f4b2', 'c4380ea8-65f9-4dc1-a0bb-e77c5c1a909b', '9dfdecce-1bbb-46e4-8f2f-bfd13697e51f', 13086, 'ACTIVE', 'CLT');
INSERT INTO employees (id, tenant_id, full_name, email, cpf, birth_date, hire_date, department_id, position_id, manager_id, base_salary, status, employment_type) VALUES ('b87028fc-9e86-47ab-91db-eb3ed4a107b9', 'a0eebc99-9c0b-4ef8-bb6d-6bb9bd380a11', 'Laura Ribeiro', 'laura.ribeiro@axonrh.com.br', '12178235369', '1995-05-10', '2025-03-27', '5c774e81-7b5a-425c-b7e3-dc7f8678b3df', 'fa9104c5-8ad7-4f92-b97a-d00203162d91', 'eb1586f5-b120-4aa1-85b2-c87620e715f4', 4646, 'ACTIVE', 'CLT');
INSERT INTO employees (id, tenant_id, full_name, email, cpf, birth_date, hire_date, department_id, position_id, manager_id, base_salary, status, employment_type) VALUES ('12084592-5c64-43b0-ad1b-043a948dd178', 'a0eebc99-9c0b-4ef8-bb6d-6bb9bd380a11', 'Heloisa Alves', 'heloisa.alves@axonrh.com.br', '96048138920', '1995-05-10', '2025-09-19', '586bd3e7-eb99-4a11-a95d-286838732b0e', '61620931-494d-4f93-959c-697bbd40058c', '73de738b-0ea8-43cc-b023-ff7d8cebf06f', 3613, 'ACTIVE', 'CLT');
INSERT INTO employees (id, tenant_id, full_name, email, cpf, birth_date, hire_date, department_id, position_id, manager_id, base_salary, status, employment_type) VALUES ('665cc793-8276-4e7e-9f02-2bcec4f63527', 'a0eebc99-9c0b-4ef8-bb6d-6bb9bd380a11', 'Felipe Alves', 'felipe.alves@axonrh.com.br', '74743682721', '1995-05-10', '2025-02-26', 'a53e1465-070c-4107-b3c1-a7de21c7094e', '01c98cac-2866-4544-a707-650ccf9dd1f2', 'f302d8c1-a59b-48e4-a3a7-13cb2f18f58d', 5395, 'ACTIVE', 'CLT');
INSERT INTO employees (id, tenant_id, full_name, email, cpf, birth_date, hire_date, department_id, position_id, manager_id, base_salary, status, employment_type) VALUES ('f734c2bd-f075-48cb-9dc8-e6cc952a178a', 'a0eebc99-9c0b-4ef8-bb6d-6bb9bd380a11', 'Felipe Ribeiro', 'felipe.ribeiro@axonrh.com.br', '75945075340', '1995-05-10', '2024-12-18', '3329c0fe-8384-4122-a082-31b863ae1298', 'f100b257-ebe2-4ab2-8908-66c2144367bd', 'd11510f5-6ac0-46e0-a43c-e9b5918a1b26', 6913, 'ACTIVE', 'CLT');
INSERT INTO employees (id, tenant_id, full_name, email, cpf, birth_date, hire_date, department_id, position_id, manager_id, base_salary, status, employment_type) VALUES ('833afc36-ee69-4a9d-b2e6-86101dd176f1', 'a0eebc99-9c0b-4ef8-bb6d-6bb9bd380a11', 'Laura Carvalho', 'laura.carvalho@axonrh.com.br', '66715690229', '1995-05-10', '2024-06-28', 'a53e1465-070c-4107-b3c1-a7de21c7094e', '01c98cac-2866-4544-a707-650ccf9dd1f2', 'f302d8c1-a59b-48e4-a3a7-13cb2f18f58d', 7967, 'ACTIVE', 'CLT');
INSERT INTO employees (id, tenant_id, full_name, email, cpf, birth_date, hire_date, department_id, position_id, manager_id, base_salary, status, employment_type) VALUES ('fb7bb544-7b5f-45dd-acd5-ab6c559d15f0', 'a0eebc99-9c0b-4ef8-bb6d-6bb9bd380a11', 'Isabella Fernandes', 'isabella.fernandes@axonrh.com.br', '38872270751', '1995-05-10', '2025-04-12', '586bd3e7-eb99-4a11-a95d-286838732b0e', 'c0b172e8-9b79-4828-825d-44e744dd7231', '73de738b-0ea8-43cc-b023-ff7d8cebf06f', 6142, 'ACTIVE', 'CLT');
INSERT INTO employee_dependents (id, tenant_id, employee_id, full_name, relationship, birth_date, is_active) VALUES ('0135a340-e572-4bf5-9b83-dcb9ac82fadd', 'a0eebc99-9c0b-4ef8-bb6d-6bb9bd380a11', 'a6ca652e-2de6-45e0-ab23-1e9128fdab1b', 'Dependente de a6ca6', 'CHILD', '2015-01-01', true);
INSERT INTO employee_dependents (id, tenant_id, employee_id, full_name, relationship, birth_date, is_active) VALUES ('af87ef66-7d4a-4df3-936e-ea0c7b28e92f', 'a0eebc99-9c0b-4ef8-bb6d-6bb9bd380a11', '1da129d9-cd12-4c82-8628-9979f3cd3822', 'Dependente de 1da12', 'CHILD', '2015-01-01', true);
INSERT INTO employee_dependents (id, tenant_id, employee_id, full_name, relationship, birth_date, is_active) VALUES ('3cf2f97d-ca6a-41ae-a9e1-5d6bc9bb31c1', 'a0eebc99-9c0b-4ef8-bb6d-6bb9bd380a11', '8402f511-993b-4dc2-af5b-75ea5135bdd8', 'Dependente de 8402f', 'CHILD', '2015-01-01', true);
INSERT INTO employee_dependents (id, tenant_id, employee_id, full_name, relationship, birth_date, is_active) VALUES ('12c0c01a-a269-44fb-a79c-83528f00fabd', 'a0eebc99-9c0b-4ef8-bb6d-6bb9bd380a11', 'd54ccd1a-8d6b-4eb4-8f18-cb457c5f8254', 'Dependente de d54cc', 'CHILD', '2015-01-01', true);
INSERT INTO employee_dependents (id, tenant_id, employee_id, full_name, relationship, birth_date, is_active) VALUES ('e5aab164-36ad-401c-8944-ba5db822254e', 'a0eebc99-9c0b-4ef8-bb6d-6bb9bd380a11', '70f03c79-9a7a-40b6-a1ed-f61d075dd7e5', 'Dependente de 70f03', 'CHILD', '2015-01-01', true);
INSERT INTO employee_dependents (id, tenant_id, employee_id, full_name, relationship, birth_date, is_active) VALUES ('7a0a73cb-10f1-4daf-84f6-4170795de5df', 'a0eebc99-9c0b-4ef8-bb6d-6bb9bd380a11', '9dfdecce-1bbb-46e4-8f2f-bfd13697e51f', 'Dependente de 9dfde', 'CHILD', '2015-01-01', true);
INSERT INTO employee_dependents (id, tenant_id, employee_id, full_name, relationship, birth_date, is_active) VALUES ('f536211d-678e-4f1b-9d1e-6b09fb62dc16', 'a0eebc99-9c0b-4ef8-bb6d-6bb9bd380a11', 'f734c2bd-f075-48cb-9dc8-e6cc952a178a', 'Dependente de f734c', 'CHILD', '2015-01-01', true);
INSERT INTO employee_dependents (id, tenant_id, employee_id, full_name, relationship, birth_date, is_active) VALUES ('1643be47-a8ea-4979-9a88-5631404fe9f8', 'a0eebc99-9c0b-4ef8-bb6d-6bb9bd380a11', '27b3b52d-0288-4644-8477-03e59f9d702c', 'Dependente de 27b3b', 'CHILD', '2015-01-01', true);
INSERT INTO employee_dependents (id, tenant_id, employee_id, full_name, relationship, birth_date, is_active) VALUES ('4ae43c95-cc00-4c05-88b6-dbc1f9f754a1', 'a0eebc99-9c0b-4ef8-bb6d-6bb9bd380a11', 'e7cd0075-4639-4d64-ac4d-8f0981e0021e', 'Dependente de e7cd0', 'CHILD', '2015-01-01', true);
INSERT INTO employee_dependents (id, tenant_id, employee_id, full_name, relationship, birth_date, is_active) VALUES ('2284fc2d-6e8c-4458-96ac-0f14c99946e6', 'a0eebc99-9c0b-4ef8-bb6d-6bb9bd380a11', '70f03c79-9a7a-40b6-a1ed-f61d075dd7e5', 'Dependente de 70f03', 'CHILD', '2015-01-01', true);
INSERT INTO employee_dependents (id, tenant_id, employee_id, full_name, relationship, birth_date, is_active) VALUES ('068dae7a-2a35-45de-b9b0-6518edb7ace6', 'a0eebc99-9c0b-4ef8-bb6d-6bb9bd380a11', '6e1fc5a8-d1b4-4b9c-bb47-606f4ff10037', 'Dependente de 6e1fc', 'CHILD', '2015-01-01', true);
INSERT INTO employee_dependents (id, tenant_id, employee_id, full_name, relationship, birth_date, is_active) VALUES ('28bc6f77-6453-498c-95ac-98e4366eb6bb', 'a0eebc99-9c0b-4ef8-bb6d-6bb9bd380a11', 'ca120326-7e17-4d08-b98b-5b6a2bd069da', 'Dependente de ca120', 'CHILD', '2015-01-01', true);
INSERT INTO employee_dependents (id, tenant_id, employee_id, full_name, relationship, birth_date, is_active) VALUES ('83011bdb-d47c-44c0-b872-0fd5bbd4bc2a', 'a0eebc99-9c0b-4ef8-bb6d-6bb9bd380a11', 'd54ccd1a-8d6b-4eb4-8f18-cb457c5f8254', 'Dependente de d54cc', 'CHILD', '2015-01-01', true);
INSERT INTO employee_dependents (id, tenant_id, employee_id, full_name, relationship, birth_date, is_active) VALUES ('aacb8584-2ee0-4a00-8e1a-37911d460b47', 'a0eebc99-9c0b-4ef8-bb6d-6bb9bd380a11', 'ca120326-7e17-4d08-b98b-5b6a2bd069da', 'Dependente de ca120', 'CHILD', '2015-01-01', true);
INSERT INTO employee_dependents (id, tenant_id, employee_id, full_name, relationship, birth_date, is_active) VALUES ('753bfd76-277d-4197-a8ad-39d915d84e9a', 'a0eebc99-9c0b-4ef8-bb6d-6bb9bd380a11', '194e5a86-6c4f-4ad6-9e02-b14526b3bc8a', 'Dependente de 194e5', 'CHILD', '2015-01-01', true);
INSERT INTO employee_dependents (id, tenant_id, employee_id, full_name, relationship, birth_date, is_active) VALUES ('3bc41269-6b56-4863-8ca5-36a2c92be3dc', 'a0eebc99-9c0b-4ef8-bb6d-6bb9bd380a11', 'f3015148-1458-412a-925e-b3af2311bfaa', 'Dependente de f3015', 'CHILD', '2015-01-01', true);
INSERT INTO employee_dependents (id, tenant_id, employee_id, full_name, relationship, birth_date, is_active) VALUES ('a87f4768-8dce-4a77-92ed-613f7dac528c', 'a0eebc99-9c0b-4ef8-bb6d-6bb9bd380a11', '12084592-5c64-43b0-ad1b-043a948dd178', 'Dependente de 12084', 'CHILD', '2015-01-01', true);
INSERT INTO employee_dependents (id, tenant_id, employee_id, full_name, relationship, birth_date, is_active) VALUES ('671606ff-53e2-46a3-a40a-22782cc5d6d6', 'a0eebc99-9c0b-4ef8-bb6d-6bb9bd380a11', 'dbe3f816-dd81-46e1-977a-bae2455f6e14', 'Dependente de dbe3f', 'CHILD', '2015-01-01', true);
INSERT INTO employee_dependents (id, tenant_id, employee_id, full_name, relationship, birth_date, is_active) VALUES ('c9a30fa1-8423-4ab7-8533-9349c6c7c1e4', 'a0eebc99-9c0b-4ef8-bb6d-6bb9bd380a11', 'ca120326-7e17-4d08-b98b-5b6a2bd069da', 'Dependente de ca120', 'CHILD', '2015-01-01', true);
INSERT INTO employee_dependents (id, tenant_id, employee_id, full_name, relationship, birth_date, is_active) VALUES ('54f613ee-69bc-4dec-b3e0-a6039568cd9a', 'a0eebc99-9c0b-4ef8-bb6d-6bb9bd380a11', '621a05b5-483b-4d11-8e35-382d1442ecb2', 'Dependente de 621a0', 'CHILD', '2015-01-01', true);
INSERT INTO employee_dependents (id, tenant_id, employee_id, full_name, relationship, birth_date, is_active) VALUES ('d6fe3b18-3f57-44ac-9166-26b29f3d6b9a', 'a0eebc99-9c0b-4ef8-bb6d-6bb9bd380a11', 'a6ca652e-2de6-45e0-ab23-1e9128fdab1b', 'Dependente de a6ca6', 'CHILD', '2015-01-01', true);
INSERT INTO employee_dependents (id, tenant_id, employee_id, full_name, relationship, birth_date, is_active) VALUES ('86b56a14-c72d-447e-bbec-e34e71691314', 'a0eebc99-9c0b-4ef8-bb6d-6bb9bd380a11', '22b7f0c1-4e52-40f6-949d-8695bfdfe475', 'Dependente de 22b7f', 'CHILD', '2015-01-01', true);
INSERT INTO employee_dependents (id, tenant_id, employee_id, full_name, relationship, birth_date, is_active) VALUES ('0736c587-39f5-44ed-9e74-a1093b48e908', 'a0eebc99-9c0b-4ef8-bb6d-6bb9bd380a11', '8ec4093d-8737-4ca9-9b0e-4261e398438f', 'Dependente de 8ec40', 'CHILD', '2015-01-01', true);
INSERT INTO employee_dependents (id, tenant_id, employee_id, full_name, relationship, birth_date, is_active) VALUES ('4f7e9d66-6603-447e-ba52-c5b6bce19356', 'a0eebc99-9c0b-4ef8-bb6d-6bb9bd380a11', '73de738b-0ea8-43cc-b023-ff7d8cebf06f', 'Dependente de 73de7', 'CHILD', '2015-01-01', true);
INSERT INTO employee_dependents (id, tenant_id, employee_id, full_name, relationship, birth_date, is_active) VALUES ('64f2ec5c-e6fe-4e7e-afab-d1bd8c367a67', 'a0eebc99-9c0b-4ef8-bb6d-6bb9bd380a11', '0d6c6b99-7629-4dcd-b082-d3b7149d9c23', 'Dependente de 0d6c6', 'CHILD', '2015-01-01', true);
INSERT INTO employee_dependents (id, tenant_id, employee_id, full_name, relationship, birth_date, is_active) VALUES ('07aa91d1-55b0-448f-b18b-5ef0ff2abcd5', 'a0eebc99-9c0b-4ef8-bb6d-6bb9bd380a11', 'cfbfb01d-084d-47c0-9231-428c4b2dd7f9', 'Dependente de cfbfb', 'CHILD', '2015-01-01', true);
INSERT INTO employee_dependents (id, tenant_id, employee_id, full_name, relationship, birth_date, is_active) VALUES ('8f85e7d6-b9cd-41c2-be72-eac081148b73', 'a0eebc99-9c0b-4ef8-bb6d-6bb9bd380a11', 'c8b29c56-437f-4302-995c-531968a69b3d', 'Dependente de c8b29', 'CHILD', '2015-01-01', true);
INSERT INTO employee_dependents (id, tenant_id, employee_id, full_name, relationship, birth_date, is_active) VALUES ('518c984c-e2c5-4937-a27a-7dd379fc8ebd', 'a0eebc99-9c0b-4ef8-bb6d-6bb9bd380a11', '3007c46e-e9b9-4bcc-ac35-63e5e0a05b20', 'Dependente de 3007c', 'CHILD', '2015-01-01', true);
INSERT INTO employee_dependents (id, tenant_id, employee_id, full_name, relationship, birth_date, is_active) VALUES ('d7d576b3-b6da-48d7-8bf0-67af631fcba1', 'a0eebc99-9c0b-4ef8-bb6d-6bb9bd380a11', 'c8b29c56-437f-4302-995c-531968a69b3d', 'Dependente de c8b29', 'CHILD', '2015-01-01', true);
INSERT INTO employee_dependents (id, tenant_id, employee_id, full_name, relationship, birth_date, is_active) VALUES ('d5e34210-b726-4600-adad-dbf9c5172a77', 'a0eebc99-9c0b-4ef8-bb6d-6bb9bd380a11', '673b92d5-ae34-4b3c-8529-cfb7731fcbb2', 'Dependente de 673b9', 'CHILD', '2015-01-01', true);
INSERT INTO employee_dependents (id, tenant_id, employee_id, full_name, relationship, birth_date, is_active) VALUES ('36fd0d29-6f86-4ff6-b2d7-ca3c9d14933f', 'a0eebc99-9c0b-4ef8-bb6d-6bb9bd380a11', 'bceaaec2-3847-43a4-9c77-d011fe2d251b', 'Dependente de bceaa', 'CHILD', '2015-01-01', true);
INSERT INTO employee_dependents (id, tenant_id, employee_id, full_name, relationship, birth_date, is_active) VALUES ('18554c76-e05a-421c-a395-54c1e9cf088c', 'a0eebc99-9c0b-4ef8-bb6d-6bb9bd380a11', 'a2cd530f-44d1-4ad7-9bd5-b6950562edd8', 'Dependente de a2cd5', 'CHILD', '2015-01-01', true);
INSERT INTO employee_dependents (id, tenant_id, employee_id, full_name, relationship, birth_date, is_active) VALUES ('bb245e37-1045-4c3f-8faa-929571e498f0', 'a0eebc99-9c0b-4ef8-bb6d-6bb9bd380a11', '73de738b-0ea8-43cc-b023-ff7d8cebf06f', 'Dependente de 73de7', 'CHILD', '2015-01-01', true);
INSERT INTO employee_dependents (id, tenant_id, employee_id, full_name, relationship, birth_date, is_active) VALUES ('304913d6-8b5a-485f-b627-06a8032f533a', 'a0eebc99-9c0b-4ef8-bb6d-6bb9bd380a11', 'edc09976-c44a-49ac-88db-55d12ec7ba9c', 'Dependente de edc09', 'CHILD', '2015-01-01', true);
INSERT INTO employee_dependents (id, tenant_id, employee_id, full_name, relationship, birth_date, is_active) VALUES ('34dd3077-afb4-4eac-b957-07bde4424860', 'a0eebc99-9c0b-4ef8-bb6d-6bb9bd380a11', 'f302d8c1-a59b-48e4-a3a7-13cb2f18f58d', 'Dependente de f302d', 'CHILD', '2015-01-01', true);
INSERT INTO employee_dependents (id, tenant_id, employee_id, full_name, relationship, birth_date, is_active) VALUES ('8a666ea0-1038-4d6f-a577-328036132cb1', 'a0eebc99-9c0b-4ef8-bb6d-6bb9bd380a11', 'c574a2ed-fb7d-44af-89f6-a821a0a22147', 'Dependente de c574a', 'CHILD', '2015-01-01', true);
INSERT INTO employee_dependents (id, tenant_id, employee_id, full_name, relationship, birth_date, is_active) VALUES ('1e2216d8-7639-497d-9f65-aaad83fb44f1', 'a0eebc99-9c0b-4ef8-bb6d-6bb9bd380a11', '94b9b320-abbf-4b48-b15e-44581a5035a3', 'Dependente de 94b9b', 'CHILD', '2015-01-01', true);
INSERT INTO employee_dependents (id, tenant_id, employee_id, full_name, relationship, birth_date, is_active) VALUES ('4178bdf2-2b39-4c82-9a35-59c6f14e69d9', 'a0eebc99-9c0b-4ef8-bb6d-6bb9bd380a11', '0d6c6b99-7629-4dcd-b082-d3b7149d9c23', 'Dependente de 0d6c6', 'CHILD', '2015-01-01', true);
INSERT INTO employee_dependents (id, tenant_id, employee_id, full_name, relationship, birth_date, is_active) VALUES ('f332db8f-1d6a-4b74-8dcf-b8b67491c30e', 'a0eebc99-9c0b-4ef8-bb6d-6bb9bd380a11', '3007c46e-e9b9-4bcc-ac35-63e5e0a05b20', 'Dependente de 3007c', 'CHILD', '2015-01-01', true);
INSERT INTO employee_dependents (id, tenant_id, employee_id, full_name, relationship, birth_date, is_active) VALUES ('1254a506-37ba-45a4-afa7-23dff8f7f505', 'a0eebc99-9c0b-4ef8-bb6d-6bb9bd380a11', 'd3b61f94-4d2f-45a4-83fd-359f2b804ffa', 'Dependente de d3b61', 'CHILD', '2015-01-01', true);